id,date,customer_age,customer_gender,customer_type,product,category,price,discount_percent,advertising_spend,store_visitors,weekend,season,sales
1,2025-05-30,46,Male,Loyal,Laptop,Electronics,1007.79,0,2415.55,129,No,Spring,42
2,2025-04-22,25,Female,New,Watch,Accessories,153.02,5,752.25,250,No,Spring,53
3,2025-01-31,23,Female,Loyal,T-Shirt,Clothing,41.37,15,2470.59,49,No,Winter,66
4,2025-09-09,39,Male,New,Phone,Electronics,582.35,0,250.87,81,No,Autumn,9
5,2025-12-07,30,Female,Regular,Shoes,Clothing,59.66,10,2024.08,118,Yes,Winter,59
6,2025-08-08,22,Male,Regular,Laptop,Electronics,809.03,15,397.48,113,No,Summer,33
7,2025-12-23,45,Male,New,Backpack,Accessories,107.86,0,1456.22,470,No,Winter,70
8,2025-11-24,47,Female,New,T-Shirt,Clothing,23.79,0,651.23,304,No,Autumn,54
9,2025-02-20,18,Female,New,Shoes,Clothing,109.25,20,2117.33,485,No,Winter,103
10,2025-11-03,64,Female,New,Laptop,Electronics,769.99,10,294.19,247,No,Autumn,37
11,2025-02-02,48,Male,Regular,Watch,Accessories,256.96,10,2451.19,127,Yes,Winter,68
12,2025-07-31,27,Male,New,Watch,Accessories,269.13,25,177.27,378,No,Summer,78
13,2025-03-13,58,Male,Regular,T-Shirt,Clothing,38.37,10,1660.56,86,No,Spring,54
14,2025-11-25,29,Male,New,Shoes,Clothing,100.48,0,2440.75,494,No,Autumn,95
15,2025-05-02,54,Male,Regular,Book,Books,17.9,15,213.66,145,No,Spring,44
16,2025-06-17,65,Female,Loyal,Watch,Accessories,187.29,30,2150.26,41,No,Summer,73
17,2025-11-02,63,Female,Regular,Watch,Accessories,327.44,30,1183.55,127,Yes,Autumn,56
18,2025-12-31,59,Male,Regular,Headphones,Electronics,295.52,25,442.13,192,No,Winter,53
19,2025-06-06,23,Female,Regular,Headphones,Electronics,53.47,5,698.65,302,No,Summer,66
20,2025-10-26,61,Female,Loyal,Headphones,Electronics,105.23,5,1058.67,154,Yes,Autumn,50
21,2025-07-15,25,Male,New,Laptop,Electronics,1194.35,25,1741.6,431,No,Summer,90
22,2025-02-08,37,Female,Regular,Shoes,Clothing,81.32,25,1351.61,157,Yes,Winter,59
23,2025-12-24,59,Female,New,Snack,Food,6.12,25,1441.35,468,No,Winter,94
24,2025-08-05,45,Male,Regular,Backpack,Accessories,24.64,25,713.91,173,No,Summer,62
25,2025-05-23,64,Male,New,T-Shirt,Clothing,66.17,15,447.33,272,No,Spring,57
26,2025-02-28,56,Female,Regular,Watch,Accessories,73.42,0,287.73,329,No,Winter,46
27,2025-07-19,48,Male,New,Watch,Accessories,41.87,30,1990.01,52,Yes,Summer,61
28,2025-01-24,57,Male,New,Watch,Accessories,327.65,15,502.05,422,No,Winter,80
29,2025-07-03,36,Male,Regular,Phone,Electronics,299.88,5,1301.01,316,No,Summer,56
30,2025-11-24,21,Female,Regular,Watch,Accessories,119.84,5,1600.28,65,No,Autumn,45
31,2025-09-06,60,Female,Regular,Laptop,Electronics,1689.34,0,2181.86,435,Yes,Autumn,72
32,2025-06-20,56,Male,New,Coffee,Food,8.25,10,1476.12,454,No,Summer,78
33,2025-08-30,32,Male,Loyal,Snack,Food,5.67,25,1463.08,357,Yes,Summer,107
34,2025-04-09,24,Male,Loyal,Headphones,Electronics,103.0,0,802.45,345,No,Spring,59
35,2025-10-02,47,Female,Regular,Laptop,Electronics,828.92,0,358.39,118,No,Autumn,14
36,2025-02-21,63,Female,New,Phone,Electronics,924.83,5,1057.96,482,No,Winter,69
37,2025-05-26,41,Male,Loyal,Snack,Food,1.17,5,1698.72,411,No,Spring,99
38,2025-03-21,57,Male,New,Watch,Accessories,212.96,10,1561.22,257,No,Spring,49
39,2025-03-10,55,Male,Loyal,Shoes,Clothing,155.74,20,1820.88,69,No,Spring,44
40,2025-02-14,48,Female,Regular,Laptop,Electronics,1537.78,25,974.15,291,No,Winter,50
41,2025-11-18,34,Male,New,Shoes,Clothing,114.64,25,585.69,85,No,Autumn,53
42,2025-04-15,29,Female,Loyal,Snack,Food,2.51,5,1918.11,242,No,Spring,62
43,2025-02-07,26,Male,Regular,Snack,Food,4.32,25,192.9,311,No,Winter,71
44,2025-08-20,26,Female,Regular,Headphones,Electronics,95.77,5,224.67,308,No,Summer,63
45,2025-05-19,45,Female,New,Book,Books,11.67,5,1402.43,230,No,Spring,41
46,2025-08-23,33,Male,New,Headphones,Electronics,127.35,30,2264.68,208,Yes,Summer,81
47,2025-04-19,22,Female,New,Backpack,Accessories,85.19,5,1520.99,404,Yes,Spring,65
48,2025-02-03,61,Male,New,Book,Books,13.06,25,2151.97,396,No,Winter,106
49,2025-09-22,26,Female,Loyal,Phone,Electronics,298.07,10,1369.04,32,No,Autumn,38
50,2025-11-25,63,Male,Loyal,Book,Books,16.32,25,2454.08,154,No,Autumn,81
51,2025-02-01,52,Male,Regular,Phone,Electronics,609.2,25,448.84,443,Yes,Winter,84
52,2025-02-18,44,Male,Regular,Headphones,Electronics,173.9,15,2319.61,330,No,Winter,80
53,2025-06-08,36,Male,Regular,Phone,Electronics,829.53,15,1484.5,171,Yes,Summer,58
54,2025-03-23,61,Male,New,Book,Books,36.05,0,2144.68,263,Yes,Spring,65
55,2025-09-03,44,Male,New,Shoes,Clothing,134.68,15,883.19,409,No,Autumn,77
56,2025-02-04,47,Female,Regular,Coffee,Food,14.94,10,2454.56,335,No,Winter,90
57,2025-12-30,41,Female,New,T-Shirt,Clothing,46.84,5,1335.96,466,No,Winter,79
58,2025-06-16,61,Male,New,T-Shirt,Clothing,53.71,20,1386.8,79,No,Summer,40
59,2025-10-22,49,Female,Loyal,Phone,Electronics,285.98,15,308.75,205,No,Autumn,63
60,2025-04-27,40,Male,New,Headphones,Electronics,90.0,5,1989.99,256,Yes,Spring,69
61,2025-03-08,36,Male,New,Book,Books,26.52,15,1415.68,189,Yes,Spring,55
62,2025-08-23,35,Male,Regular,Backpack,Accessories,54.92,0,1531.75,188,Yes,Summer,41
63,2025-01-22,28,Male,New,Shoes,Clothing,104.18,5,1511.64,220,No,Winter,43
64,2025-06-14,36,Female,Regular,Backpack,Accessories,23.98,10,1630.29,296,Yes,Summer,84
65,2025-04-19,39,Male,New,Snack,Food,3.98,0,153.1,469,Yes,Spring,75
66,2025-07-29,47,Male,New,Phone,Electronics,366.35,10,1657.46,123,No,Summer,46
67,2025-04-02,56,Male,Regular,Headphones,Electronics,161.43,30,1440.82,345,No,Spring,86
68,2025-08-14,59,Male,Regular,Book,Books,43.66,15,1139.54,405,No,Summer,89
69,2025-11-07,62,Female,New,Watch,Accessories,330.64,5,359.59,187,No,Autumn,24
70,2025-12-01,58,Male,Loyal,Phone,Electronics,611.52,15,153.69,346,No,Winter,63
71,2025-05-16,24,Male,Regular,Book,Books,14.08,30,1903.49,288,No,Spring,82
72,2025-07-04,27,Female,Regular,Watch,Accessories,320.17,15,1051.35,160,No,Summer,55
73,2025-03-27,27,Male,New,Coffee,Food,11.23,10,310.62,321,No,Spring,66
74,2025-01-31,51,Female,Regular,Coffee,Food,8.83,10,1367.89,55,No,Winter,39
75,2025-08-28,48,Female,New,T-Shirt,Clothing,21.24,5,1036.26,164,No,Summer,32
76,2025-08-01,42,Female,Loyal,Watch,Accessories,273.36,0,2411.79,124,No,Summer,55
77,2025-12-07,30,Female,New,Shoes,Clothing,92.21,30,1500.15,204,Yes,Winter,64
78,2025-03-21,60,Male,Loyal,Book,Books,30.0,25,722.52,135,No,Spring,56
79,2025-08-29,44,Female,New,Shoes,Clothing,76.8,30,2274.32,44,No,Summer,62
80,2025-01-11,47,Female,New,Watch,Accessories,283.21,25,2074.18,474,Yes,Winter,98
81,2025-04-30,44,Female,Regular,Headphones,Electronics,108.56,10,1546.03,184,No,Spring,49
82,2025-12-04,41,Male,Regular,Watch,Accessories,166.9,20,97.9,358,No,Winter,48
83,2025-07-16,44,Female,New,Phone,Electronics,1110.64,0,1885.92,392,No,Summer,57
84,2025-08-01,26,Male,Regular,Book,Books,44.9,10,322.6,445,No,Summer,82
85,2025-05-03,33,Female,Loyal,Coffee,Food,16.41,15,887.14,84,Yes,Spring,57
86,2025-06-15,59,Female,New,Shoes,Clothing,107.27,20,2218.85,412,Yes,Summer,108
87,2025-04-03,36,Female,New,Watch,Accessories,347.02,20,2247.28,334,No,Spring,77
88,2025-07-16,34,Male,New,Shoes,Clothing,89.76,15,246.16,41,No,Summer,31
89,2025-04-15,21,Female,New,T-Shirt,Clothing,58.3,15,2125.38,299,No,Spring,73
90,2025-10-13,38,Male,Regular,Shoes,Clothing,44.49,5,2475.39,77,No,Autumn,55
91,2025-03-01,19,Female,Regular,T-Shirt,Clothing,19.59,15,475.12,102,Yes,Spring,41
92,2025-07-17,45,Male,Regular,Watch,Accessories,113.01,25,1298.35,475,No,Summer,107
93,2025-03-21,20,Female,New,Shoes,Clothing,130.08,25,471.11,153,No,Spring,58
94,2025-09-02,28,Male,New,Headphones,Electronics,50.21,25,1010.75,159,No,Autumn,49
95,2025-05-03,39,Male,New,Headphones,Electronics,196.05,5,1145.48,187,Yes,Spring,43
96,2025-07-29,18,Male,Regular,Headphones,Electronics,37.02,5,2234.95,172,No,Summer,66
97,2025-09-09,32,Male,New,Backpack,Accessories,119.46,15,123.53,100,No,Autumn,23
98,2025-01-13,49,Male,Regular,Watch,Accessories,250.48,30,2446.52,52,No,Winter,46
99,2025-02-15,45,Female,New,Phone,Electronics,635.01,25,1052.96,20,Yes,Winter,32
100,2025-04-13,25,Male,New,Shoes,Clothing,101.41,30,2343.36,402,Yes,Spring,101
101,2025-07-22,25,Female,Regular,T-Shirt,Clothing,51.3,30,2116.99,429,No,Summer,113
102,2025-11-22,21,Female,Regular,Headphones,Electronics,284.04,0,1502.57,219,Yes,Autumn,71
103,2025-09-23,25,Female,Loyal,Book,Books,31.24,20,2109.58,334,No,Autumn,92
104,2025-10-04,36,Male,Regular,Backpack,Accessories,75.63,20,858.4,57,Yes,Autumn,38
105,2025-06-04,31,Female,Regular,T-Shirt,Clothing,76.36,0,2129.35,55,No,Summer,44
106,2025-06-21,47,Female,Loyal,Headphones,Electronics,220.18,10,2447.22,96,Yes,Summer,60
107,2025-04-17,56,Female,New,Headphones,Electronics,224.26,25,96.95,360,No,Spring,62
108,2025-10-23,35,Female,Loyal,Snack,Food,5.5,25,1010.78,125,No,Autumn,63
109,2025-12-23,61,Female,New,Watch,Accessories,276.03,15,2111.49,98,No,Winter,55
110,2025-12-23,37,Male,New,Watch,Accessories,240.11,30,905.95,174,No,Winter,55
111,2025-06-14,19,Male,Loyal,Watch,Accessories,78.22,0,2285.63,287,Yes,Summer,87
112,2025-09-17,40,Male,New,Phone,Electronics,586.01,5,1058.37,469,No,Autumn,65
113,2025-10-02,34,Male,Regular,Laptop,Electronics,1128.8,25,1139.03,234,No,Autumn,59
114,2025-03-27,56,Male,New,T-Shirt,Clothing,45.87,25,467.12,464,No,Spring,83
115,2025-01-10,62,Male,Regular,T-Shirt,Clothing,45.65,20,1458.16,415,No,Winter,90
116,2025-09-18,28,Female,New,Watch,Accessories,96.27,20,1123.42,442,No,Autumn,71
117,2025-07-03,58,Female,New,Snack,Food,4.91,25,1648.61,98,No,Summer,77
118,2025-03-13,35,Female,Loyal,Laptop,Electronics,1159.05,20,930.8,467,No,Spring,83
119,2025-01-02,62,Male,Loyal,Coffee,Food,15.01,25,2441.7,158,No,Winter,91
120,2025-11-01,21,Male,Regular,Headphones,Electronics,120.26,5,679.69,378,Yes,Autumn,76
121,2025-01-15,55,Male,New,Book,Books,12.46,10,1427.96,356,No,Winter,64
122,2025-01-07,58,Male,New,Backpack,Accessories,107.32,5,456.08,80,No,Winter,16
123,2025-05-17,64,Male,Loyal,Book,Books,43.05,30,1691.94,66,Yes,Spring,60
124,2025-12-14,30,Male,Loyal,Shoes,Clothing,127.7,20,602.65,211,Yes,Winter,70
125,2025-08-25,25,Male,Regular,Headphones,Electronics,184.06,30,1576.12,296,No,Summer,79
126,2025-08-21,21,Female,New,Shoes,Clothing,168.5,10,95.71,41,No,Summer,17
127,2025-10-08,44,Male,New,Shoes,Clothing,81.1,10,1150.87,239,No,Autumn,55
128,2025-08-04,37,Female,New,Snack,Food,3.91,0,126.96,473,No,Summer,82
129,2025-01-09,49,Female,Loyal,Snack,Food,6.21,5,793.67,482,No,Winter,87
130,2025-04-01,32,Male,Regular,Shoes,Clothing,52.34,25,1287.17,166,No,Spring,74
131,2025-05-26,36,Female,New,T-Shirt,Clothing,56.99,5,830.14,417,No,Spring,66
132,2025-02-07,36,Female,Regular,T-Shirt,Clothing,72.99,20,84.27,435,No,Winter,74
133,2025-01-04,32,Female,New,Laptop,Electronics,915.05,10,344.3,95,Yes,Winter,16
134,2025-05-01,27,Male,Regular,T-Shirt,Clothing,65.17,10,2382.61,150,No,Spring,67
135,2025-05-25,31,Male,New,Shoes,Clothing,157.24,5,288.39,356,Yes,Spring,67
136,2025-04-02,35,Male,Regular,Phone,Electronics,759.36,30,982.78,222,No,Spring,48
137,2025-06-06,37,Female,Regular,Snack,Food,3.89,5,2462.91,289,No,Summer,90
138,2025-05-29,52,Female,Regular,Backpack,Accessories,44.46,25,1436.83,140,No,Spring,55
139,2025-11-20,56,Male,New,Backpack,Accessories,88.66,30,2447.5,194,No,Autumn,87
140,2025-03-11,19,Male,Loyal,Shoes,Clothing,111.19,15,155.2,68,No,Spring,37
141,2025-01-21,64,Female,Regular,Watch,Accessories,219.99,20,521.47,403,No,Winter,74
142,2025-04-10,56,Male,Regular,Backpack,Accessories,93.99,15,532.61,272,No,Spring,55
143,2025-06-12,26,Male,New,Book,Books,36.38,20,2334.91,65,No,Summer,57
144,2025-03-10,46,Female,New,Shoes,Clothing,103.75,25,1859.78,487,No,Spring,102
145,2025-08-18,34,Male,New,Book,Books,9.75,25,1448.93,263,No,Summer,81
146,2025-01-25,62,Female,New,Headphones,Electronics,145.39,5,199.35,197,Yes,Winter,47
147,2025-11-05,62,Female,Loyal,Watch,Accessories,270.0,10,1445.77,380,No,Autumn,79
148,2025-04-17,35,Female,New,Shoes,Clothing,139.95,0,1705.45,119,No,Spring,29
149,2025-07-15,19,Female,Loyal,Coffee,Food,12.17,30,2142.17,256,No,Summer,103
150,2025-07-25,43,Male,New,T-Shirt,Clothing,61.47,0,1188.89,265,No,Summer,54
151,2025-05-25,32,Female,New,Laptop,Electronics,1547.82,0,2050.89,459,Yes,Spring,66
152,2025-08-15,21,Female,Loyal,Coffee,Food,9.64,10,2244.87,20,No,Summer,53
153,2025-06-19,26,Male,New,Backpack,Accessories,102.24,30,2494.16,111,No,Summer,72
154,2025-12-27,48,Male,New,T-Shirt,Clothing,50.84,10,1203.37,212,Yes,Winter,59
155,2025-12-11,26,Male,New,Watch,Accessories,126.33,25,2370.56,70,No,Winter,67
156,2025-03-27,33,Male,Loyal,Book,Books,10.2,25,184.24,431,No,Spring,86
157,2025-11-23,61,Male,New,Coffee,Food,8.44,20,2310.9,359,Yes,Autumn,99
158,2025-05-06,45,Female,New,Coffee,Food,7.39,25,1145.37,483,No,Spring,97
159,2025-08-06,47,Male,Regular,Coffee,Food,13.06,0,2099.58,445,No,Summer,97
160,2025-03-31,63,Male,Loyal,Watch,Accessories,116.54,5,2033.75,387,No,Spring,87
161,2025-07-27,27,Female,Loyal,Backpack,Accessories,85.79,25,682.12,348,Yes,Summer,93
162,2025-07-26,26,Male,Regular,Coffee,Food,3.38,30,656.72,485,Yes,Summer,110
163,2025-09-09,30,Female,New,Shoes,Clothing,121.75,0,1683.45,25,No,Autumn,37
164,2025-03-24,33,Female,New,T-Shirt,Clothing,76.92,15,1040.85,215,No,Spring,61
165,2025-10-05,37,Female,New,Shoes,Clothing,111.19,30,276.89,433,Yes,Autumn,73
166,2025-05-31,35,Male,New,Watch,Accessories,181.57,10,777.64,106,Yes,Spring,32
167,2025-10-20,19,Male,New,Coffee,Food,17.31,20,369.34,256,No,Autumn,60
168,2025-10-26,27,Male,Regular,Laptop,Electronics,1102.75,0,1092.77,299,Yes,Autumn,55
169,2025-12-04,47,Male,New,Laptop,Electronics,849.12,10,165.45,199,No,Winter,24
170,2025-12-23,28,Male,New,Phone,Electronics,959.72,5,1830.3,144,No,Winter,35
171,2025-01-22,47,Female,New,Book,Books,35.45,0,2481.22,462,No,Winter,87
172,2025-10-08,56,Female,New,Headphones,Electronics,85.99,0,1878.0,485,No,Autumn,76
173,2025-01-16,54,Male,Loyal,Coffee,Food,7.0,20,1241.61,87,No,Winter,57
174,2025-01-03,18,Female,Regular,Book,Books,27.54,30,1387.46,48,No,Winter,60
175,2025-01-24,20,Male,Regular,Backpack,Accessories,47.32,15,321.32,183,No,Winter,43
176,2025-07-30,48,Male,Regular,Coffee,Food,16.12,15,202.05,324,No,Summer,82
177,2025-08-19,39,Male,New,Laptop,Electronics,1533.2,15,303.73,340,No,Summer,41
178,2025-02-26,51,Female,New,Shoes,Clothing,46.99,10,1411.54,187,No,Winter,43
179,2025-03-03,58,Female,Regular,Watch,Accessories,276.32,15,1021.03,224,No,Spring,58
180,2025-04-05,18,Male,Regular,Phone,Electronics,373.01,20,1798.75,127,Yes,Spring,81
181,2025-04-21,37,Male,Regular,Watch,Accessories,93.53,5,1215.3,55,No,Spring,32
182,2025-02-18,19,Male,Regular,Headphones,Electronics,42.84,0,1859.3,310,No,Winter,68
183,2025-07-16,33,Male,New,Phone,Electronics,796.27,30,1258.4,406,No,Summer,92
184,2025-08-01,26,Female,New,Coffee,Food,6.17,30,1852.74,308,No,Summer,81
185,2025-06-25,55,Male,New,Laptop,Electronics,1695.93,15,1725.7,132,No,Summer,36
186,2025-04-08,19,Female,Regular,Snack,Food,3.35,10,2381.79,210,No,Spring,76
187,2025-12-31,61,Male,New,Backpack,Accessories,88.04,25,609.32,316,No,Winter,63
188,2025-01-26,40,Male,New,Laptop,Electronics,1317.93,0,2468.42,309,Yes,Winter,61
189,2025-05-20,54,Female,Regular,Coffee,Food,5.26,25,374.58,350,No,Spring,74
190,2025-01-18,64,Male,Regular,Coffee,Food,3.74,0,1349.74,500,Yes,Winter,103
191,2025-05-09,50,Female,New,Backpack,Accessories,45.76,30,1849.97,69,No,Spring,55
192,2025-11-17,30,Male,Regular,Book,Books,40.01,25,1224.2,480,No,Autumn,98
193,2025-06-14,32,Male,Regular,Phone,Electronics,470.25,5,2403.61,396,Yes,Summer,97
194,2025-10-26,48,Female,Regular,Book,Books,13.62,0,1893.93,141,Yes,Autumn,50
195,2025-07-08,40,Male,Regular,Shoes,Clothing,179.55,20,1769.23,277,No,Summer,92
196,2025-08-14,22,Female,New,Shoes,Clothing,135.26,10,2433.69,89,No,Summer,53
197,2025-09-10,52,Male,Loyal,Shoes,Clothing,169.47,25,547.05,192,No,Autumn,65
198,2025-06-25,51,Male,Regular,T-Shirt,Clothing,34.71,0,2143.35,410,No,Summer,81
199,2025-01-28,42,Male,Regular,Coffee,Food,14.0,30,1867.09,455,No,Winter,123
200,2025-09-11,31,Female,New,Headphones,Electronics,294.02,5,168.69,381,No,Autumn,50
201,2025-11-07,25,Male,Regular,Snack,Food,6.85,25,416.78,233,No,Autumn,67
202,2025-10-15,64,Female,Regular,T-Shirt,Clothing,54.42,10,196.81,312,No,Autumn,46
203,2025-04-20,32,Male,Regular,T-Shirt,Clothing,45.35,30,629.4,499,Yes,Spring,123
204,2025-11-08,32,Female,Regular,Laptop,Electronics,708.2,0,2468.45,449,Yes,Autumn,83
205,2025-01-09,31,Female,New,Watch,Accessories,114.74,20,744.69,119,No,Winter,19
206,2025-12-17,21,Female,Regular,Snack,Food,2.3,25,1135.83,437,No,Winter,95
207,2025-05-14,21,Female,Regular,Headphones,Electronics,240.93,15,1374.54,497,No,Spring,90
208,2025-08-15,48,Male,New,Shoes,Clothing,162.05,30,2498.75,104,No,Summer,68
209,2025-10-30,40,Female,New,Headphones,Electronics,268.32,25,465.5,404,No,Autumn,74
210,2025-05-26,19,Female,New,Headphones,Electronics,266.45,30,1217.27,381,No,Spring,67
211,2025-05-07,58,Male,Regular,Backpack,Accessories,96.92,25,155.44,21,No,Spring,18
212,2025-05-25,56,Male,Regular,Shoes,Clothing,111.63,30,236.26,391,Yes,Spring,87
213,2025-03-09,29,Male,Regular,Book,Books,20.53,10,213.62,233,Yes,Spring,40
214,2025-07-10,19,Male,Regular,Watch,Accessories,225.66,10,838.55,374,No,Summer,75
215,2025-05-17,46,Male,New,Headphones,Electronics,238.28,25,2449.2,381,Yes,Spring,94
216,2025-01-29,56,Female,Regular,Laptop,Electronics,1110.25,15,1059.88,183,No,Winter,27
217,2025-12-02,30,Male,New,Phone,Electronics,542.98,5,1961.95,284,No,Winter,64
218,2025-12-01,56,Female,Regular,Watch,Accessories,201.26,30,2321.4,46,No,Winter,47
219,2025-05-01,25,Female,New,Phone,Electronics,1086.77,15,2381.13,143,No,Spring,46
220,2025-05-24,20,Male,Regular,Watch,Accessories,165.31,0,967.95,265,Yes,Spring,54
221,2025-11-02,60,Male,New,Book,Books,18.39,15,58.88,413,Yes,Autumn,56
222,2025-10-15,46,Female,Regular,Book,Books,39.76,10,2131.78,357,No,Autumn,76
223,2025-12-20,36,Male,New,Watch,Accessories,191.99,20,1781.15,381,Yes,Winter,76
224,2025-08-18,24,Female,Regular,Laptop,Electronics,1207.68,5,286.9,160,No,Summer,10
225,2025-10-25,38,Female,Regular,Laptop,Electronics,1467.73,30,541.87,327,Yes,Autumn,61
226,2025-10-29,50,Male,New,Watch,Accessories,105.32,30,366.88,26,No,Autumn,27
227,2025-12-29,58,Male,New,Snack,Food,3.63,30,2131.75,420,No,Winter,118
228,2025-03-21,48,Female,Loyal,Book,Books,44.4,10,534.09,345,No,Spring,69
229,2025-06-26,22,Male,New,Coffee,Food,11.79,15,2242.71,426,No,Summer,104
230,2025-08-12,39,Female,Regular,Laptop,Electronics,1043.67,20,1218.5,359,No,Summer,50
231,2025-04-13,63,Female,Regular,Backpack,Accessories,75.43,15,935.72,40,Yes,Spring,41
232,2025-06-06,24,Male,Regular,Shoes,Clothing,148.98,25,1006.81,424,No,Summer,96
233,2025-06-24,48,Female,New,Watch,Accessories,91.35,20,2465.46,34,No,Summer,47
234,2025-12-13,63,Female,New,Laptop,Electronics,728.7,10,1597.69,194,Yes,Winter,44
235,2025-10-30,58,Male,New,Shoes,Clothing,143.11,25,2188.76,85,No,Autumn,53
236,2025-12-01,39,Female,Regular,Snack,Food,3.55,5,1812.08,291,No,Winter,79
237,2025-10-08,25,Female,Regular,Shoes,Clothing,177.93,5,1533.22,335,No,Autumn,68
238,2025-03-16,64,Male,Regular,Laptop,Electronics,1538.74,30,234.99,494,Yes,Spring,75
239,2025-05-27,35,Female,Loyal,Backpack,Accessories,76.63,0,1831.02,180,No,Spring,53
240,2025-02-16,34,Female,Regular,T-Shirt,Clothing,63.76,30,910.98,135,Yes,Winter,72
241,2025-09-11,41,Male,Loyal,Watch,Accessories,192.52,5,824.03,396,No,Autumn,72
242,2025-07-06,63,Male,Loyal,Shoes,Clothing,147.19,10,1254.28,288,Yes,Summer,78
243,2025-10-12,32,Female,Regular,Snack,Food,6.79,25,1633.01,396,Yes,Autumn,115
244,2025-07-03,52,Female,New,Backpack,Accessories,43.59,0,626.16,45,No,Summer,12
245,2025-10-18,41,Female,Regular,Coffee,Food,14.72,30,1588.28,122,Yes,Autumn,66
246,2025-06-05,65,Male,New,T-Shirt,Clothing,74.7,25,2090.32,43,No,Summer,64
247,2025-02-18,37,Female,Regular,Laptop,Electronics,767.47,25,364.85,174,No,Winter,39
248,2025-03-03,51,Male,Loyal,Laptop,Electronics,1399.39,15,1790.61,67,No,Spring,31
249,2025-04-11,30,Male,Regular,Laptop,Electronics,1491.11,30,904.01,401,No,Spring,77
250,2025-08-21,18,Female,Loyal,Snack,Food,1.37,15,1435.24,125,No,Summer,61
251,2025-12-12,65,Female,Regular,Phone,Electronics,376.77,5,1251.99,142,No,Winter,30
252,2025-03-29,47,Female,Loyal,Phone,Electronics,523.31,30,1741.94,300,Yes,Spring,99
253,2025-11-05,45,Male,Regular,Book,Books,12.36,0,1837.97,379,No,Autumn,85
254,2025-02-28,26,Female,Regular,T-Shirt,Clothing,26.13,15,420.34,293,No,Winter,50
255,2025-09-22,53,Male,Loyal,Coffee,Food,7.41,0,2000.72,427,No,Autumn,93
256,2025-08-05,32,Female,Loyal,Watch,Accessories,98.03,30,427.21,496,No,Summer,96
257,2025-06-07,18,Male,Regular,Phone,Electronics,818.88,15,2109.56,404,Yes,Summer,108
258,2025-09-27,41,Male,Loyal,Watch,Accessories,188.16,5,2459.13,388,Yes,Autumn,91
259,2025-05-27,55,Male,Regular,T-Shirt,Clothing,20.87,0,1747.5,351,No,Spring,78
260,2025-10-05,40,Male,New,Backpack,Accessories,115.62,0,1644.73,164,Yes,Autumn,42
261,2025-05-20,23,Male,New,Shoes,Clothing,147.36,5,413.8,212,No,Spring,44
262,2025-09-26,24,Female,Loyal,Phone,Electronics,520.12,0,2357.76,462,No,Autumn,88
263,2025-10-16,50,Male,Loyal,Coffee,Food,10.37,20,1253.33,331,No,Autumn,90
264,2025-10-11,51,Female,Loyal,Watch,Accessories,133.3,20,1678.02,262,Yes,Autumn,90
265,2025-04-15,21,Male,Regular,Phone,Electronics,917.98,25,112.68,466,No,Spring,55
266,2025-03-03,33,Female,Regular,Backpack,Accessories,38.28,0,82.27,410,No,Spring,54
267,2025-11-16,43,Male,Regular,Laptop,Electronics,1242.43,15,1600.14,327,Yes,Autumn,65
268,2025-12-23,34,Male,Regular,Watch,Accessories,132.74,25,1573.57,468,No,Winter,99
269,2025-11-21,51,Female,Loyal,Laptop,Electronics,1757.25,15,322.94,178,No,Autumn,27
270,2025-02-03,43,Male,Regular,Snack,Food,7.64,30,1787.89,105,No,Winter,63
271,2025-01-05,50,Male,Regular,Coffee,Food,16.18,5,1457.3,272,Yes,Winter,75
272,2025-03-05,31,Female,Loyal,Headphones,Electronics,153.05,5,1222.68,167,No,Spring,46
273,2025-11-19,42,Male,Loyal,Watch,Accessories,197.78,0,1685.14,222,No,Autumn,55
274,2025-10-21,35,Male,New,Phone,Electronics,429.49,30,1784.63,412,No,Autumn,79
275,2025-02-06,44,Male,Loyal,Laptop,Electronics,1014.97,20,369.26,166,No,Winter,30
276,2025-07-05,22,Female,Loyal,Book,Books,26.9,10,1057.21,139,Yes,Summer,66
277,2025-10-27,38,Female,New,Headphones,Electronics,120.89,25,644.23,192,No,Autumn,55
278,2025-10-15,54,Male,Loyal,Watch,Accessories,272.64,10,805.68,34,No,Autumn,30
279,2025-01-14,31,Male,New,Laptop,Electronics,1112.0,25,155.1,182,No,Winter,35
280,2025-07-22,63,Female,New,Snack,Food,1.55,5,156.14,449,No,Summer,76
281,2025-03-25,50,Male,New,Shoes,Clothing,110.93,30,1245.56,479,No,Spring,101
282,2025-07-05,35,Male,Regular,Shoes,Clothing,122.08,25,2075.36,159,Yes,Summer,71
283,2025-07-10,54,Female,New,Watch,Accessories,147.86,25,1606.46,143,No,Summer,55
284,2025-06-26,58,Female,New,Headphones,Electronics,212.5,25,2062.13,187,No,Summer,65
285,2025-04-25,27,Male,Regular,Snack,Food,6.19,5,611.68,154,No,Spring,32
286,2025-08-02,33,Female,Regular,Book,Books,44.01,15,2063.24,204,Yes,Summer,91
287,2025-07-05,59,Male,Regular,Snack,Food,3.53,25,942.14,476,Yes,Summer,105
288,2025-03-05,44,Female,New,Headphones,Electronics,108.57,15,281.12,257,No,Spring,49
289,2025-04-15,53,Male,Loyal,Laptop,Electronics,1026.94,10,284.04,340,No,Spring,51
290,2025-02-21,56,Female,Regular,Snack,Food,6.59,25,219.68,432,No,Winter,91
291,2025-09-29,36,Male,New,Phone,Electronics,740.96,20,569.51,157,No,Autumn,26
292,2025-11-10,48,Male,Regular,Phone,Electronics,689.7,5,719.95,426,No,Autumn,62
293,2025-02-10,58,Male,New,Watch,Accessories,343.69,10,1972.49,439,No,Winter,80
294,2025-08-10,34,Male,New,Phone,Electronics,507.69,10,1566.43,252,Yes,Summer,61
295,2025-10-15,39,Male,Regular,T-Shirt,Clothing,22.14,25,1413.63,287,No,Autumn,77
296,2025-10-12,39,Male,New,Backpack,Accessories,30.1,10,460.76,134,Yes,Autumn,48
297,2025-03-05,28,Female,Loyal,T-Shirt,Clothing,50.34,30,1823.76,87,No,Spring,78
298,2025-05-06,50,Female,Regular,Book,Books,15.83,0,2089.63,107,No,Spring,41
299,2025-05-14,62,Male,New,Backpack,Accessories,60.93,5,1686.24,440,No,Spring,76
300,2025-05-05,34,Male,Regular,Phone,Electronics,826.94,15,1647.96,116,No,Spring,40
301,2025-09-16,23,Female,Regular,Laptop,Electronics,1425.48,20,1432.16,378,No,Autumn,70
302,2025-01-13,56,Female,Regular,Laptop,Electronics,946.44,15,127.38,234,No,Winter,35
303,2025-12-30,57,Female,New,Laptop,Electronics,1100.06,0,385.11,300,No,Winter,25
304,2025-09-02,59,Female,New,Snack,Food,4.24,30,1825.26,289,No,Autumn,88
305,2025-01-04,30,Female,Loyal,T-Shirt,Clothing,16.11,25,319.41,422,Yes,Winter,96
306,2025-08-05,25,Female,Loyal,Book,Books,25.23,10,1684.17,345,No,Summer,86
307,2025-01-31,57,Female,New,Backpack,Accessories,55.79,10,1603.47,80,No,Winter,30
308,2025-07-03,56,Female,Regular,Snack,Food,4.18,5,991.69,298,No,Summer,70
309,2025-09-08,31,Male,Regular,Coffee,Food,6.81,15,172.45,380,No,Autumn,65
310,2025-06-10,35,Male,New,Snack,Food,4.51,30,2416.05,250,No,Summer,93
311,2025-02-24,27,Female,New,Snack,Food,4.83,15,1339.68,90,No,Winter,57
312,2025-10-06,28,Female,Regular,Book,Books,35.67,0,1973.78,79,No,Autumn,37
313,2025-05-07,25,Female,New,Book,Books,33.72,25,1756.81,442,No,Spring,90
314,2025-02-05,52,Male,Regular,T-Shirt,Clothing,16.8,5,976.7,447,No,Winter,79
315,2025-10-09,39,Female,New,Watch,Accessories,288.62,20,1834.57,147,No,Autumn,53
316,2025-10-24,26,Female,Regular,Laptop,Electronics,1052.15,0,2359.34,331,No,Autumn,64
317,2025-10-20,24,Female,Regular,Watch,Accessories,43.06,0,949.47,36,No,Autumn,22
318,2025-06-21,29,Female,Regular,Coffee,Food,6.84,0,1693.67,282,Yes,Summer,89
319,2025-11-23,24,Male,Regular,Phone,Electronics,955.09,25,966.58,334,Yes,Autumn,80
320,2025-11-16,48,Male,Loyal,Headphones,Electronics,155.02,20,223.72,46,Yes,Autumn,32
321,2025-08-13,48,Female,Regular,Snack,Food,5.59,10,280.89,295,No,Summer,77
322,2025-11-18,35,Male,Loyal,Headphones,Electronics,91.38,20,113.72,79,No,Autumn,36
323,2025-01-13,65,Male,Loyal,Snack,Food,2.16,30,922.91,39,No,Winter,48
324,2025-10-31,28,Female,Regular,Shoes,Clothing,156.15,15,1370.55,437,No,Autumn,95
325,2025-08-04,57,Male,Regular,Watch,Accessories,151.23,15,1163.89,250,No,Summer,61
326,2025-12-22,54,Male,New,Backpack,Accessories,71.23,25,2454.17,56,No,Winter,63
327,2025-05-25,50,Male,Regular,Shoes,Clothing,144.13,0,2271.84,292,Yes,Spring,79
328,2025-08-24,23,Male,Regular,Coffee,Food,10.4,10,1316.45,105,Yes,Summer,67
329,2025-10-29,60,Female,Regular,Watch,Accessories,54.31,10,982.91,335,No,Autumn,66
330,2025-12-23,34,Male,New,Book,Books,29.8,25,1113.86,280,No,Winter,57
331,2025-04-25,60,Female,Regular,T-Shirt,Clothing,24.16,30,493.19,174,No,Spring,68
332,2025-03-26,30,Female,New,Shoes,Clothing,114.32,0,439.82,46,No,Spring,21
333,2025-11-15,61,Female,New,Snack,Food,3.81,25,2277.45,59,Yes,Autumn,54
334,2025-07-21,22,Male,Regular,Laptop,Electronics,1591.96,10,2152.83,22,No,Summer,30
335,2025-07-30,51,Female,New,Backpack,Accessories,98.93,25,1117.45,449,No,Summer,105
336,2025-08-02,41,Male,Regular,Book,Books,9.12,10,1190.6,162,Yes,Summer,63
337,2025-03-28,65,Male,New,Book,Books,25.99,0,908.72,491,No,Spring,86
338,2025-05-27,42,Male,New,Coffee,Food,15.74,10,2258.46,333,No,Spring,86
339,2025-12-17,18,Female,New,Phone,Electronics,870.01,20,1518.67,221,No,Winter,48
340,2025-01-03,42,Female,New,Snack,Food,7.14,30,1860.65,55,No,Winter,51
341,2025-04-18,55,Female,New,Book,Books,13.38,10,574.0,309,No,Spring,53
342,2025-12-30,62,Female,Loyal,Headphones,Electronics,188.23,0,1698.63,465,No,Winter,79
343,2025-04-12,64,Female,Regular,Phone,Electronics,979.64,10,1178.51,217,Yes,Spring,47
344,2025-07-13,33,Female,Regular,Shoes,Clothing,106.03,30,1576.76,142,Yes,Summer,78
345,2025-04-25,44,Female,Loyal,Headphones,Electronics,253.03,5,1967.26,122,No,Spring,47
346,2025-12-15,35,Male,Loyal,Laptop,Electronics,1608.59,0,474.23,465,No,Winter,68
347,2025-10-15,50,Male,Regular,Laptop,Electronics,1775.76,10,1932.5,353,No,Autumn,67
348,2025-03-23,19,Female,New,Coffee,Food,8.84,0,974.51,309,Yes,Spring,61
349,2025-04-14,42,Female,Regular,T-Shirt,Clothing,65.29,15,526.27,28,No,Spring,38
350,2025-08-22,42,Male,New,Phone,Electronics,924.55,20,191.28,269,No,Summer,50
351,2025-02-12,29,Male,New,Shoes,Clothing,63.03,30,642.74,212,No,Winter,66
352,2025-11-05,20,Male,Regular,Laptop,Electronics,1227.78,10,2181.41,185,No,Autumn,43
353,2025-12-11,52,Male,New,Coffee,Food,11.51,15,635.44,129,No,Winter,43
354,2025-07-23,28,Male,Loyal,Shoes,Clothing,39.72,20,2016.14,410,No,Summer,110
355,2025-08-24,20,Female,Regular,Book,Books,36.34,25,1822.61,464,Yes,Summer,115
356,2025-01-27,31,Female,Regular,Watch,Accessories,54.32,25,419.42,62,No,Winter,24
357,2025-02-15,46,Female,New,T-Shirt,Clothing,23.25,30,986.43,202,Yes,Winter,66
358,2025-02-13,54,Female,New,Snack,Food,6.31,15,111.96,463,No,Winter,80
359,2025-03-22,54,Female,New,Book,Books,21.62,25,1780.3,473,Yes,Spring,108
360,2025-05-27,31,Female,Regular,Watch,Accessories,217.03,10,2286.67,353,No,Spring,76
361,2025-12-22,29,Female,New,Snack,Food,4.28,5,2383.63,27,No,Winter,41
362,2025-06-23,59,Male,New,T-Shirt,Clothing,16.49,5,2358.67,280,No,Summer,79
363,2025-04-24,46,Female,Regular,Headphones,Electronics,208.43,20,1037.9,493,No,Spring,89
364,2025-01-25,30,Female,Regular,Laptop,Electronics,935.75,25,1741.14,267,Yes,Winter,68
365,2025-11-30,60,Female,New,Phone,Electronics,471.0,20,271.47,210,Yes,Autumn,35
366,2025-12-06,60,Male,Regular,Snack,Food,7.34,15,58.58,316,Yes,Winter,66
367,2025-04-21,27,Female,New,Book,Books,19.83,20,58.11,168,No,Spring,28
368,2025-12-24,24,Female,Regular,Laptop,Electronics,717.37,20,2378.73,244,No,Winter,68
369,2025-05-15,22,Female,Loyal,Shoes,Clothing,62.29,30,2066.52,482,No,Spring,108
370,2025-07-10,45,Male,New,Phone,Electronics,455.1,10,1451.79,157,No,Summer,48
371,2025-05-14,30,Female,New,Snack,Food,7.44,15,1909.14,489,No,Spring,114
372,2025-12-19,39,Male,Loyal,T-Shirt,Clothing,30.59,10,1314.9,171,No,Winter,58
373,2025-05-01,64,Male,Regular,Headphones,Electronics,134.87,5,907.29,20,No,Spring,17
374,2025-03-22,43,Male,Loyal,Coffee,Food,15.89,0,1024.14,367,Yes,Spring,83
375,2025-07-16,64,Female,Loyal,Book,Books,27.11,25,1195.34,254,No,Summer,70
376,2025-05-07,53,Male,Regular,Laptop,Electronics,793.26,15,132.25,491,No,Spring,63
377,2025-12-12,43,Female,New,Coffee,Food,13.34,15,1420.67,361,No,Winter,90
378,2025-08-28,33,Male,Loyal,T-Shirt,Clothing,63.04,10,391.66,170,No,Summer,47
379,2025-08-02,54,Female,Regular,Laptop,Electronics,1024.53,20,1067.34,212,Yes,Summer,58
380,2025-05-19,60,Male,Loyal,Coffee,Food,16.86,25,134.99,105,No,Spring,37
381,2025-11-18,28,Female,New,T-Shirt,Clothing,75.2,30,523.18,387,No,Autumn,77
382,2025-01-03,40,Male,New,T-Shirt,Clothing,23.87,25,765.56,413,No,Winter,81
383,2025-03-14,57,Female,Regular,Coffee,Food,6.33,20,505.69,40,No,Spring,33
384,2025-04-08,20,Male,New,Snack,Food,3.75,0,2046.27,217,No,Spring,61
385,2025-07-30,19,Male,Regular,Coffee,Food,11.45,25,2465.65,205,No,Summer,87
386,2025-04-17,42,Female,Regular,Coffee,Food,16.66,0,1161.68,360,No,Spring,70
387,2025-09-07,36,Female,Regular,Book,Books,11.21,0,872.72,165,Yes,Autumn,30
388,2025-01-30,23,Male,Regular,T-Shirt,Clothing,48.74,15,2154.89,299,No,Winter,76
389,2025-08-16,51,Female,New,Headphones,Electronics,77.93,15,170.88,238,Yes,Summer,52
390,2025-01-16,21,Male,Regular,Snack,Food,2.05,15,2450.44,168,No,Winter,92
391,2025-12-01,64,Female,Regular,Laptop,Electronics,760.39,5,2303.18,430,No,Winter,87
392,2025-03-16,31,Female,Loyal,Backpack,Accessories,113.06,20,972.32,178,Yes,Spring,57
393,2025-01-11,57,Female,Loyal,Watch,Accessories,95.01,25,509.04,329,Yes,Winter,74
394,2025-11-13,62,Female,Loyal,Backpack,Accessories,71.41,0,1665.31,219,No,Autumn,56
395,2025-05-09,18,Female,Loyal,Book,Books,11.18,10,2354.31,307,No,Spring,90
396,2025-03-16,21,Male,Regular,Shoes,Clothing,174.47,15,66.13,454,Yes,Spring,76
397,2025-03-07,63,Female,New,Phone,Electronics,376.87,5,2214.77,256,No,Spring,51
398,2025-11-17,56,Male,Regular,Shoes,Clothing,174.59,0,2090.51,176,No,Autumn,53
399,2025-09-11,41,Female,Loyal,Watch,Accessories,309.24,0,865.71,286,No,Autumn,53
400,2025-04-21,57,Male,Regular,Laptop,Electronics,1118.95,25,123.37,244,No,Spring,35
401,2025-01-16,18,Male,Regular,T-Shirt,Clothing,30.03,25,1434.98,454,No,Winter,97
402,2025-04-11,36,Female,New,Backpack,Accessories,99.25,0,1441.85,319,No,Spring,75
403,2025-07-10,19,Male,Regular,Phone,Electronics,1154.79,0,1686.4,321,No,Summer,58
404,2025-03-03,61,Female,Regular,Coffee,Food,6.46,5,1954.73,409,No,Spring,95
405,2025-06-13,29,Male,Regular,Backpack,Accessories,54.08,25,2222.38,84,No,Summer,62
406,2025-05-30,43,Female,Regular,Snack,Food,5.86,20,2074.1,476,No,Spring,123
407,2025-05-19,37,Male,Regular,Shoes,Clothing,159.91,10,989.4,153,No,Spring,45
408,2025-07-12,19,Female,New,Book,Books,19.64,25,1539.04,286,Yes,Summer,73
409,2025-10-08,46,Female,Regular,Watch,Accessories,261.38,10,2405.88,320,No,Autumn,80
410,2025-01-05,46,Female,Regular,Backpack,Accessories,65.06,25,373.7,395,Yes,Winter,80
411,2025-09-15,26,Male,Regular,Shoes,Clothing,74.14,25,1407.47,424,No,Autumn,95
412,2025-06-24,29,Male,Regular,Watch,Accessories,202.82,20,867.39,382,No,Summer,74
413,2025-10-25,44,Male,Loyal,Snack,Food,7.74,10,722.75,170,Yes,Autumn,64
414,2025-04-09,20,Female,Regular,Laptop,Electronics,1488.08,10,1679.12,228,No,Spring,47
415,2025-02-19,51,Female,New,Phone,Electronics,562.51,15,2176.65,221,No,Winter,59
416,2025-05-10,35,Male,Regular,Phone,Electronics,743.53,20,497.15,454,Yes,Spring,86
417,2025-06-16,24,Male,Regular,T-Shirt,Clothing,75.04,25,300.57,235,No,Summer,64
418,2025-08-05,59,Male,Loyal,Headphones,Electronics,31.54,25,493.13,292,No,Summer,71
419,2025-04-06,27,Male,New,Phone,Electronics,682.84,5,580.77,124,Yes,Spring,23
420,2025-03-16,38,Male,Regular,T-Shirt,Clothing,43.45,15,902.85,99,Yes,Spring,52
421,2025-12-19,48,Male,Regular,Book,Books,20.89,5,675.72,493,No,Winter,84
422,2025-04-10,26,Female,Regular,Watch,Accessories,180.66,5,1631.21,150,No,Spring,47
423,2025-05-29,36,Male,Regular,Laptop,Electronics,1713.96,20,1946.75,101,No,Spring,32
424,2025-12-14,39,Female,Loyal,Phone,Electronics,476.83,10,428.47,345,Yes,Winter,67
425,2025-07-20,35,Male,Regular,Phone,Electronics,805.02,5,2043.97,343,Yes,Summer,79
426,2025-05-20,62,Female,New,Headphones,Electronics,217.7,5,1334.99,62,No,Spring,26
427,2025-01-10,46,Female,New,Shoes,Clothing,109.38,25,330.41,424,No,Winter,75
428,2025-05-16,43,Male,Loyal,Book,Books,21.46,25,2127.34,210,No,Spring,81
429,2025-07-26,34,Female,New,Laptop,Electronics,1334.46,10,2316.9,297,Yes,Summer,57
430,2025-08-31,22,Female,Regular,Laptop,Electronics,1685.97,5,1758.11,65,Yes,Summer,36
431,2025-12-24,31,Male,Regular,T-Shirt,Clothing,63.37,10,1549.13,296,No,Winter,62
432,2025-02-20,31,Female,Regular,Shoes,Clothing,45.62,25,1346.86,68,No,Winter,40
433,2025-07-26,53,Male,Regular,Book,Books,24.99,30,676.16,211,Yes,Summer,73
434,2025-02-11,33,Male,Regular,Phone,Electronics,850.73,0,1349.68,468,No,Winter,55
435,2025-02-11,63,Male,New,Watch,Accessories,110.42,30,1916.7,200,No,Winter,60
436,2025-03-10,19,Male,Regular,Book,Books,44.66,15,2028.38,499,No,Spring,93
437,2025-07-12,35,Male,Loyal,Watch,Accessories,292.78,20,2120.53,301,Yes,Summer,94
438,2025-09-21,25,Female,Regular,Laptop,Electronics,1062.06,0,2343.7,408,Yes,Autumn,71
439,2025-06-30,62,Male,Loyal,Watch,Accessories,124.49,10,716.31,62,No,Summer,44
440,2025-09-25,34,Male,Regular,Shoes,Clothing,70.02,5,654.67,285,No,Autumn,52
441,2025-10-02,37,Female,Regular,Laptop,Electronics,1792.03,0,656.89,60,No,Autumn,14
442,2025-05-15,32,Female,Regular,Coffee,Food,15.09,30,1764.4,137,No,Spring,75
443,2025-11-01,23,Male,New,Watch,Accessories,286.11,15,522.61,227,Yes,Autumn,38
444,2025-03-29,51,Male,Regular,Watch,Accessories,124.54,25,2463.86,151,Yes,Spring,78
445,2025-06-27,49,Female,Regular,Watch,Accessories,148.99,15,2420.56,65,No,Summer,67
446,2025-06-26,61,Female,Regular,Coffee,Food,8.19,20,482.7,483,No,Summer,89
447,2025-09-13,48,Male,Regular,Coffee,Food,9.8,20,1158.0,301,Yes,Autumn,79
448,2025-10-06,25,Female,Regular,Book,Books,14.36,25,627.96,58,No,Autumn,41
449,2025-05-19,60,Male,Loyal,Shoes,Clothing,71.17,30,387.55,340,No,Spring,79
450,2025-01-20,19,Female,Regular,Watch,Accessories,345.29,5,207.74,497,No,Winter,61
451,2025-06-21,41,Female,New,Book,Books,15.14,5,721.09,435,Yes,Summer,76
452,2025-02-09,33,Female,Regular,Laptop,Electronics,974.43,5,1710.89,55,Yes,Winter,18
453,2025-11-13,24,Female,Loyal,Shoes,Clothing,100.63,25,1217.06,327,No,Autumn,97
454,2025-08-23,44,Male,Regular,T-Shirt,Clothing,78.33,20,2462.48,399,Yes,Summer,113
455,2025-10-25,38,Male,New,Coffee,Food,14.4,20,793.31,125,Yes,Autumn,53
456,2025-03-13,31,Female,Regular,Snack,Food,4.3,15,171.37,153,No,Spring,48
457,2025-11-29,22,Female,New,Headphones,Electronics,168.14,30,775.52,126,Yes,Autumn,67
458,2025-12-15,33,Female,Loyal,Headphones,Electronics,262.51,15,836.83,253,No,Winter,63
459,2025-02-27,64,Male,New,Phone,Electronics,773.13,30,1717.81,348,No,Winter,74
460,2025-06-08,51,Female,Loyal,Coffee,Food,4.89,25,1919.34,54,Yes,Summer,80
461,2025-08-14,27,Female,New,Coffee,Food,11.77,0,1533.22,474,No,Summer,86
462,2025-02-16,39,Male,Regular,Laptop,Electronics,1780.06,5,1503.46,312,Yes,Winter,68
463,2025-11-02,28,Female,New,Shoes,Clothing,73.97,30,1715.47,286,Yes,Autumn,79
464,2025-03-24,51,Female,Regular,Phone,Electronics,1198.58,30,89.77,200,No,Spring,37
465,2025-03-21,53,Female,Loyal,Book,Books,27.8,30,875.74,79,No,Spring,46
466,2025-05-23,19,Male,Loyal,Backpack,Accessories,26.15,25,1551.6,480,No,Spring,109
467,2025-11-01,34,Female,New,Watch,Accessories,42.46,10,838.48,129,Yes,Autumn,37
468,2025-04-15,38,Female,Regular,Headphones,Electronics,136.45,5,822.41,293,No,Spring,46
469,2025-12-15,26,Female,Regular,Shoes,Clothing,63.69,25,1061.0,121,No,Winter,59
470,2025-01-10,20,Male,Regular,Coffee,Food,12.7,30,2106.89,335,No,Winter,81
471,2025-01-29,60,Female,Regular,Coffee,Food,11.03,10,1987.62,35,No,Winter,56
472,2025-05-07,64,Female,New,Coffee,Food,3.44,20,101.95,303,No,Spring,58
473,2025-01-12,58,Male,New,Snack,Food,7.24,30,634.61,199,Yes,Winter,67
474,2025-05-18,64,Male,Loyal,Laptop,Electronics,1089.79,10,2165.79,385,Yes,Spring,79
475,2025-08-07,24,Male,Loyal,Book,Books,41.4,20,1041.36,293,No,Summer,74
476,2025-01-10,60,Male,New,Snack,Food,1.14,5,807.17,77,No,Winter,38
477,2025-11-27,56,Female,Regular,Watch,Accessories,155.58,30,682.56,474,No,Autumn,83
478,2025-06-19,35,Female,Regular,Backpack,Accessories,96.39,0,2229.29,207,No,Summer,59
479,2025-01-08,53,Female,Regular,Book,Books,27.46,25,1491.73,298,No,Winter,81
480,2025-04-20,33,Female,Regular,Shoes,Clothing,67.11,5,501.35,494,Yes,Spring,85
481,2025-12-20,60,Female,Regular,Phone,Electronics,705.0,20,1651.1,268,Yes,Winter,72
482,2025-09-17,37,Male,Regular,Watch,Accessories,292.97,25,2077.5,63,No,Autumn,60
483,2025-08-14,24,Female,New,Headphones,Electronics,33.98,5,1147.48,415,No,Summer,66
484,2025-10-09,44,Male,New,Coffee,Food,6.69,25,979.18,107,No,Autumn,54
485,2025-10-02,36,Male,Regular,Coffee,Food,5.67,0,1912.22,208,No,Autumn,65
486,2025-05-29,46,Male,Loyal,T-Shirt,Clothing,20.14,20,1667.46,247,No,Spring,86
487,2025-09-05,57,Female,New,Shoes,Clothing,120.48,20,1416.85,254,No,Autumn,58
488,2025-07-21,46,Male,New,Backpack,Accessories,78.94,15,1797.19,301,No,Summer,75
489,2025-03-23,42,Male,New,Shoes,Clothing,120.12,20,1766.47,156,Yes,Spring,48
490,2025-08-26,27,Female,New,Snack,Food,4.47,10,74.77,265,No,Summer,50
491,2025-06-07,60,Female,Loyal,Watch,Accessories,125.81,20,1823.49,410,Yes,Summer,116
492,2025-02-27,27,Female,New,Phone,Electronics,872.43,30,1571.16,364,No,Winter,64
493,2025-08-30,57,Female,Regular,Backpack,Accessories,75.35,10,758.0,432,Yes,Summer,90
494,2025-12-01,36,Male,New,Coffee,Food,15.36,5,2095.32,336,No,Winter,72
495,2025-11-23,44,Male,Loyal,Shoes,Clothing,97.23,5,1121.96,467,Yes,Autumn,88
496,2025-07-11,42,Male,Loyal,Laptop,Electronics,1247.25,10,300.0,306,No,Summer,47
497,2025-12-16,27,Female,Loyal,Shoes,Clothing,144.9,5,850.03,226,No,Winter,41
498,2025-11-05,59,Female,New,T-Shirt,Clothing,36.28,30,1735.2,311,No,Autumn,75
499,2025-10-31,41,Male,Regular,Laptop,Electronics,1324.7,0,1190.39,274,No,Autumn,41
500,2025-09-10,47,Male,Loyal,Coffee,Food,13.85,10,1303.51,166,No,Autumn,52
501,2025-05-26,63,Male,Regular,Laptop,Electronics,856.04,30,2332.53,445,No,Spring,118
502,2025-02-16,59,Male,Regular,Headphones,Electronics,163.9,20,1534.02,71,Yes,Winter,51
503,2025-01-15,64,Female,New,Coffee,Food,13.03,5,1236.9,112,No,Winter,41
504,2025-05-07,26,Male,Regular,Laptop,Electronics,1283.94,0,1432.36,457,No,Spring,72
505,2025-04-24,56,Female,New,Shoes,Clothing,151.71,30,419.44,291,No,Spring,56
506,2025-07-10,57,Male,New,Snack,Food,7.1,20,381.8,475,No,Summer,94
507,2025-01-04,43,Male,New,Backpack,Accessories,50.12,0,925.66,419,Yes,Winter,63
508,2025-06-14,62,Female,Regular,Watch,Accessories,332.96,20,1192.1,452,Yes,Summer,105
509,2025-06-19,33,Female,Regular,Shoes,Clothing,40.16,15,1688.68,435,No,Summer,103
510,2025-01-03,29,Male,Regular,Laptop,Electronics,1047.78,25,1447.49,330,No,Winter,68
511,2025-08-28,34,Male,New,Watch,Accessories,141.42,25,1474.82,388,No,Summer,81
512,2025-01-05,22,Male,Regular,Headphones,Electronics,273.23,30,1603.09,192,Yes,Winter,77
513,2025-11-10,58,Female,New,Backpack,Accessories,108.67,25,878.11,249,No,Autumn,64
514,2025-11-19,24,Male,Regular,Phone,Electronics,720.9,5,1425.82,164,No,Autumn,47
515,2025-03-07,51,Male,Regular,Laptop,Electronics,1484.9,25,71.19,227,No,Spring,41
516,2025-11-24,56,Female,Regular,T-Shirt,Clothing,17.05,0,1015.05,135,No,Autumn,49
517,2025-06-02,26,Male,Regular,Book,Books,17.53,20,292.58,236,No,Summer,61
518,2025-02-13,48,Male,New,Shoes,Clothing,167.84,5,1503.86,420,No,Winter,78
519,2025-09-30,23,Female,Regular,Shoes,Clothing,165.0,25,1323.4,366,No,Autumn,86
520,2025-07-28,27,Male,Regular,Snack,Food,4.3,20,725.8,410,No,Summer,98
521,2025-01-03,36,Male,New,Headphones,Electronics,116.05,15,1917.15,480,No,Winter,88
522,2025-09-02,29,Male,New,Headphones,Electronics,85.71,30,2091.01,220,No,Autumn,80
523,2025-04-16,36,Male,Loyal,Phone,Electronics,912.89,10,80.32,200,No,Spring,25
524,2025-07-25,19,Male,New,Book,Books,23.94,0,894.73,80,No,Summer,17
525,2025-08-25,47,Male,Regular,Watch,Accessories,48.51,20,1659.3,131,No,Summer,53
526,2025-02-01,40,Female,New,T-Shirt,Clothing,26.67,15,1705.84,489,Yes,Winter,100
527,2025-07-18,28,Female,New,Coffee,Food,11.67,0,110.14,338,No,Summer,61
528,2025-04-18,44,Male,Regular,Snack,Food,5.35,5,1705.36,301,No,Spring,88
529,2025-06-26,59,Female,New,Coffee,Food,9.75,10,2003.43,464,No,Summer,93
530,2025-01-24,18,Female,Loyal,Headphones,Electronics,150.78,20,2437.36,253,No,Winter,83
531,2025-10-04,55,Female,Regular,Shoes,Clothing,95.53,20,1249.52,375,Yes,Autumn,90
532,2025-04-07,31,Female,Regular,Book,Books,40.23,15,1722.48,286,No,Spring,83
533,2025-06-04,51,Male,New,Watch,Accessories,171.71,15,437.15,259,No,Summer,51
534,2025-01-16,63,Male,Loyal,Watch,Accessories,161.51,15,969.59,352,No,Winter,69
535,2025-11-08,32,Male,Loyal,Headphones,Electronics,279.57,10,1496.94,387,Yes,Autumn,98
536,2025-09-12,59,Male,New,Backpack,Accessories,89.85,0,643.16,255,No,Autumn,41
537,2025-12-31,28,Female,New,Snack,Food,1.49,25,2119.32,49,No,Winter,49
538,2025-05-11,25,Male,Regular,Snack,Food,1.61,25,2398.58,265,Yes,Spring,105
539,2025-02-12,27,Male,Loyal,Headphones,Electronics,172.36,0,566.91,44,No,Winter,19
540,2025-04-19,25,Female,New,Shoes,Clothing,99.84,15,1094.81,138,Yes,Spring,51
541,2025-11-07,45,Male,New,Book,Books,13.18,25,1687.59,192,No,Autumn,77
542,2025-12-10,60,Female,Regular,Laptop,Electronics,1152.61,20,296.3,242,No,Winter,35
543,2025-01-21,52,Female,New,Coffee,Food,14.29,20,1718.96,293,No,Winter,90
544,2025-03-16,27,Female,Regular,Headphones,Electronics,274.5,20,394.35,286,Yes,Spring,57
545,2025-02-13,39,Female,New,Headphones,Electronics,199.46,0,2106.44,338,No,Winter,70
546,2025-08-15,19,Male,Loyal,Laptop,Electronics,1455.06,20,413.19,338,No,Summer,54
547,2025-07-27,49,Female,Loyal,Shoes,Clothing,48.52,10,413.39,262,Yes,Summer,73
548,2025-04-03,41,Female,New,Headphones,Electronics,206.65,30,1630.84,327,No,Spring,71
549,2025-07-21,42,Female,Regular,Coffee,Food,6.15,15,1007.04,313,No,Summer,82
550,2025-06-28,45,Male,Loyal,Backpack,Accessories,51.02,0,2247.69,200,Yes,Summer,71
551,2025-06-30,44,Male,Regular,Shoes,Clothing,82.56,20,792.42,445,No,Summer,81
552,2025-05-26,45,Male,Regular,Watch,Accessories,183.46,30,231.76,459,No,Spring,85
553,2025-08-12,39,Female,Regular,Book,Books,10.38,0,2029.8,21,No,Summer,42
554,2025-07-23,39,Male,Regular,Headphones,Electronics,207.45,25,1395.87,178,No,Summer,69
555,2025-05-03,38,Female,New,Coffee,Food,8.23,15,1434.92,421,Yes,Spring,83
556,2025-08-18,28,Male,New,Watch,Accessories,93.19,20,1416.5,119,No,Summer,61
557,2025-03-01,39,Male,New,Headphones,Electronics,205.26,5,2260.77,377,Yes,Spring,76
558,2025-07-23,27,Male,Regular,Snack,Food,2.68,5,2339.36,159,No,Summer,75
559,2025-06-05,56,Female,Regular,Watch,Accessories,197.6,25,351.46,152,No,Summer,58
560,2025-07-30,62,Male,Regular,T-Shirt,Clothing,65.59,0,543.95,351,No,Summer,60
561,2025-02-14,51,Male,Regular,Backpack,Accessories,35.35,25,1586.52,27,No,Winter,48
562,2025-04-08,43,Male,Loyal,Shoes,Clothing,125.55,5,1219.85,96,No,Spring,41
563,2025-08-23,34,Male,Regular,Book,Books,31.87,5,1344.67,469,Yes,Summer,99
564,2025-09-13,44,Female,Regular,Headphones,Electronics,57.46,20,1632.52,185,Yes,Autumn,66
565,2025-05-09,30,Male,Regular,T-Shirt,Clothing,34.45,0,2367.85,399,No,Spring,79
566,2025-08-12,35,Male,New,Snack,Food,2.35,20,820.12,139,No,Summer,60
567,2025-03-16,41,Male,New,T-Shirt,Clothing,16.68,20,222.0,199,Yes,Spring,49
568,2025-01-11,44,Female,Regular,Watch,Accessories,348.43,10,1177.71,21,Yes,Winter,30
569,2025-01-04,44,Female,Loyal,Laptop,Electronics,1457.33,5,219.73,399,Yes,Winter,64
570,2025-08-14,63,Female,Loyal,Laptop,Electronics,822.13,25,1640.84,157,No,Summer,60
571,2025-10-26,39,Female,Regular,T-Shirt,Clothing,22.06,0,2338.07,467,Yes,Autumn,110
572,2025-04-07,22,Female,Loyal,T-Shirt,Clothing,26.43,0,1332.5,255,No,Spring,55
573,2025-10-05,59,Male,Regular,Phone,Electronics,910.42,30,2060.93,148,Yes,Autumn,65
574,2025-03-09,33,Female,Regular,Snack,Food,4.89,20,1365.66,445,Yes,Spring,94
575,2025-04-06,54,Male,New,Shoes,Clothing,93.28,0,686.54,206,Yes,Spring,41
576,2025-12-22,27,Male,New,Watch,Accessories,124.74,0,1003.16,284,No,Winter,46
577,2025-10-10,30,Female,Regular,Laptop,Electronics,1078.77,5,2084.34,480,No,Autumn,74
578,2025-07-22,21,Female,Regular,Laptop,Electronics,1683.16,25,2462.67,452,No,Summer,101
579,2025-03-24,55,Male,Regular,Laptop,Electronics,1127.19,20,64.69,248,No,Spring,33
580,2025-03-29,48,Male,Regular,Book,Books,15.92,0,1345.26,371,Yes,Spring,69
581,2025-05-15,42,Male,Regular,Book,Books,17.27,20,2259.35,212,No,Spring,87
582,2025-05-07,46,Male,New,Backpack,Accessories,92.87,20,1263.12,170,No,Spring,58
583,2025-09-08,35,Male,New,Phone,Electronics,623.99,0,2410.43,136,No,Autumn,30
584,2025-01-29,53,Female,Regular,Book,Books,14.02,20,552.36,185,No,Winter,61
585,2025-11-16,64,Female,Regular,Shoes,Clothing,74.09,25,1881.72,77,Yes,Autumn,42
586,2025-01-29,28,Male,New,Shoes,Clothing,87.01,10,1059.86,361,No,Winter,62
587,2025-01-18,55,Male,New,T-Shirt,Clothing,79.9,25,932.64,23,Yes,Winter,42
588,2025-05-22,19,Male,New,T-Shirt,Clothing,24.62,30,1597.17,159,No,Spring,54
589,2025-02-15,38,Female,Regular,Phone,Electronics,1169.49,5,936.1,76,Yes,Winter,28
590,2025-03-11,53,Female,New,Phone,Electronics,667.12,10,119.93,59,No,Spring,1
591,2025-05-05,47,Female,Regular,Snack,Food,4.93,25,1243.03,417,No,Spring,94
592,2025-10-31,38,Female,New,Coffee,Food,17.23,25,1258.63,380,No,Autumn,87
593,2025-06-14,25,Male,Loyal,Shoes,Clothing,133.42,0,1540.92,406,Yes,Summer,101
594,2025-10-28,43,Female,Regular,Watch,Accessories,186.48,20,1079.51,66,No,Autumn,36
595,2025-09-15,49,Female,Regular,Coffee,Food,7.33,20,450.51,75,No,Autumn,45
596,2025-12-06,40,Female,Regular,Headphones,Electronics,71.87,10,307.4,118,Yes,Winter,34
597,2025-02-07,58,Female,New,Phone,Electronics,267.36,10,2252.76,424,No,Winter,77
598,2025-03-05,46,Female,New,Book,Books,24.56,15,909.92,418,No,Spring,68
599,2025-11-15,43,Male,Loyal,Watch,Accessories,178.64,10,1029.12,433,Yes,Autumn,89
600,2025-04-16,56,Female,Regular,Snack,Food,7.24,25,1526.49,462,No,Spring,100
601,2025-11-15,48,Male,New,Shoes,Clothing,159.7,0,1921.81,60,Yes,Autumn,36
602,2025-08-13,47,Female,Regular,Snack,Food,6.25,30,1805.2,368,No,Summer,108
603,2025-05-31,22,Female,Regular,Snack,Food,7.39,0,282.1,172,Yes,Spring,46
604,2025-07-11,45,Female,New,Phone,Electronics,491.4,20,624.59,244,No,Summer,55
605,2025-06-21,29,Male,New,Snack,Food,1.92,5,859.87,358,Yes,Summer,73
606,2025-03-22,47,Male,Regular,Snack,Food,5.61,5,2155.62,397,Yes,Spring,102
607,2025-12-10,64,Male,Regular,Headphones,Electronics,223.62,20,1978.18,322,No,Winter,76
608,2025-09-25,20,Male,New,Book,Books,11.25,10,75.96,290,No,Autumn,46
609,2025-07-08,55,Male,Regular,Phone,Electronics,575.51,30,161.78,232,No,Summer,58
610,2025-05-19,48,Female,Loyal,Watch,Accessories,343.89,0,2291.2,140,No,Spring,64
611,2025-04-17,65,Male,Regular,T-Shirt,Clothing,32.8,15,2039.18,152,No,Spring,63
612,2025-01-24,35,Male,New,Shoes,Clothing,112.71,10,2157.75,460,No,Winter,80
613,2025-09-10,48,Female,Regular,Book,Books,17.67,15,1849.64,217,No,Autumn,63
614,2025-04-29,20,Female,New,Headphones,Electronics,149.95,25,1954.18,425,No,Spring,100
615,2025-03-11,22,Female,New,Book,Books,32.78,5,151.35,287,No,Spring,56
616,2025-11-18,37,Male,New,Watch,Accessories,323.65,20,1882.45,64,No,Autumn,39
617,2025-06-02,45,Male,Regular,Coffee,Food,10.55,0,1241.81,379,No,Summer,83
618,2025-10-03,33,Female,Regular,Laptop,Electronics,1539.73,20,640.26,173,No,Autumn,34
619,2025-05-16,32,Male,Regular,Book,Books,15.46,15,1318.4,273,No,Spring,69
620,2025-07-16,27,Female,New,Watch,Accessories,319.16,0,1309.39,30,No,Summer,24
621,2025-02-20,33,Male,Loyal,Snack,Food,5.08,0,142.89,74,No,Winter,23
622,2025-10-28,41,Male,New,T-Shirt,Clothing,39.63,5,353.33,362,No,Autumn,51
623,2025-01-18,38,Male,Regular,T-Shirt,Clothing,49.45,5,987.77,129,Yes,Winter,57
624,2025-10-29,18,Female,Regular,Coffee,Food,13.41,15,870.89,497,No,Autumn,88
625,2025-12-25,31,Male,New,Watch,Accessories,223.09,0,335.34,106,No,Winter,15
626,2025-10-25,28,Female,Regular,Watch,Accessories,252.25,30,1218.77,404,Yes,Autumn,97
627,2025-12-24,26,Male,Regular,Snack,Food,7.86,15,1749.87,83,No,Winter,57
628,2025-03-07,32,Male,New,Phone,Electronics,905.02,10,313.41,268,No,Spring,33
629,2025-03-20,47,Female,New,Laptop,Electronics,1168.56,10,1738.82,331,No,Spring,55
630,2025-08-12,40,Female,New,Book,Books,11.33,5,984.91,428,No,Summer,56
631,2025-02-07,20,Female,Regular,Shoes,Clothing,138.07,15,631.73,310,No,Winter,70
632,2025-03-28,60,Female,New,Coffee,Food,9.48,20,1691.56,179,No,Spring,51
633,2025-08-25,21,Male,Regular,Book,Books,23.55,0,894.53,255,No,Summer,59
634,2025-04-16,49,Female,Regular,Laptop,Electronics,1522.84,15,604.27,20,No,Spring,15
635,2025-04-01,61,Male,Regular,Coffee,Food,12.81,15,1627.89,120,No,Spring,65
636,2025-03-19,56,Male,Loyal,Headphones,Electronics,126.75,0,595.97,361,No,Spring,67
637,2025-01-01,43,Male,Regular,Book,Books,36.72,25,1262.88,21,No,Winter,38
638,2025-09-02,30,Male,New,Watch,Accessories,92.83,30,410.16,315,No,Autumn,61
639,2025-10-08,46,Female,Regular,Snack,Food,3.92,10,112.53,390,No,Autumn,62
640,2025-04-24,64,Male,New,Coffee,Food,9.44,25,2273.46,114,No,Spring,67
641,2025-10-10,62,Male,Loyal,Coffee,Food,4.23,20,595.77,268,No,Autumn,71
642,2025-07-11,61,Male,Regular,Book,Books,15.45,30,1541.23,103,No,Summer,80
643,2025-08-07,28,Male,Regular,Headphones,Electronics,124.66,0,200.69,268,No,Summer,41
644,2025-02-28,63,Male,New,T-Shirt,Clothing,71.9,25,606.55,283,No,Winter,61
645,2025-05-02,31,Male,Loyal,T-Shirt,Clothing,27.82,0,1869.74,104,No,Spring,55
646,2025-05-01,40,Male,Regular,T-Shirt,Clothing,74.12,30,1679.17,84,No,Spring,70
647,2025-05-15,32,Female,New,Shoes,Clothing,115.17,25,2160.15,145,No,Spring,57
648,2025-01-28,42,Female,Regular,Coffee,Food,5.15,30,1968.21,160,No,Winter,101
649,2025-07-12,20,Male,Regular,Snack,Food,6.06,0,1962.94,320,Yes,Summer,89
650,2025-04-26,21,Male,Regular,Phone,Electronics,307.76,20,469.12,148,Yes,Spring,46
651,2025-05-17,42,Female,New,Headphones,Electronics,195.51,25,60.34,353,Yes,Spring,65
652,2025-07-20,28,Male,Loyal,Backpack,Accessories,100.62,25,1827.92,470,Yes,Summer,101
653,2025-01-05,32,Female,New,Book,Books,38.94,10,2369.18,291,Yes,Winter,76
654,2025-01-02,48,Male,Regular,Shoes,Clothing,78.06,0,1601.48,170,No,Winter,64
655,2025-07-25,55,Female,New,T-Shirt,Clothing,42.1,20,582.4,89,No,Summer,47
656,2025-01-17,28,Male,New,Phone,Electronics,1032.45,10,267.12,61,No,Winter,7
657,2025-07-21,25,Male,New,Laptop,Electronics,1460.38,15,69.18,310,No,Summer,36
658,2025-04-01,40,Female,Regular,Snack,Food,7.67,30,302.69,370,No,Spring,84
659,2025-06-13,31,Female,New,Laptop,Electronics,1608.8,25,1701.57,381,No,Summer,67
660,2025-02-21,29,Male,Regular,Watch,Accessories,215.96,30,1630.02,472,No,Winter,99
661,2025-10-31,48,Male,New,T-Shirt,Clothing,19.84,30,1500.9,431,No,Autumn,109
662,2025-01-16,57,Female,Loyal,Book,Books,25.51,0,2497.26,271,No,Winter,72
663,2025-10-31,46,Male,Regular,Phone,Electronics,1149.47,20,944.7,151,No,Autumn,29
664,2025-05-26,35,Female,Regular,Snack,Food,7.91,15,850.45,219,No,Spring,54
665,2025-08-06,47,Male,Regular,Book,Books,21.45,0,2043.51,134,No,Summer,59
666,2025-09-24,31,Female,Regular,Snack,Food,7.62,25,701.39,132,No,Autumn,64
667,2025-10-02,33,Female,Regular,Watch,Accessories,80.57,5,1897.48,122,No,Autumn,53
668,2025-09-15,24,Male,New,Book,Books,24.28,15,827.74,76,No,Autumn,28
669,2025-09-08,33,Female,New,Headphones,Electronics,276.8,30,2167.0,62,No,Autumn,45
670,2025-06-24,44,Female,New,Snack,Food,3.71,5,116.12,290,No,Summer,58
671,2025-04-06,25,Female,Regular,Snack,Food,5.76,5,1573.44,444,Yes,Spring,100
672,2025-06-30,46,Male,New,Watch,Accessories,329.3,10,452.67,477,No,Summer,84
673,2025-02-24,43,Female,Loyal,Backpack,Accessories,45.25,30,1779.57,116,No,Winter,61
674,2025-01-19,30,Female,New,Shoes,Clothing,99.9,0,50.91,258,Yes,Winter,42
675,2025-11-04,25,Male,New,Laptop,Electronics,1067.12,15,2114.95,151,No,Autumn,53
676,2025-08-15,47,Female,Regular,Phone,Electronics,422.02,15,2369.67,222,No,Summer,64
677,2025-12-06,32,Male,Loyal,Phone,Electronics,1189.86,10,59.17,333,Yes,Winter,50
678,2025-06-10,43,Female,New,Phone,Electronics,617.95,25,912.09,287,No,Summer,51
679,2025-05-15,55,Male,Regular,Laptop,Electronics,702.25,0,411.34,429,No,Spring,50
680,2025-11-17,37,Female,Regular,T-Shirt,Clothing,73.16,30,424.72,500,No,Autumn,93
681,2025-02-24,24,Female,Regular,T-Shirt,Clothing,65.69,25,604.93,167,No,Winter,52
682,2025-11-23,25,Male,Regular,Snack,Food,4.31,25,813.29,288,Yes,Autumn,79
683,2025-04-12,27,Female,Regular,Watch,Accessories,63.91,10,1957.26,353,Yes,Spring,79
684,2025-07-13,58,Female,Regular,Shoes,Clothing,146.49,5,1106.04,465,Yes,Summer,91
685,2025-11-29,33,Female,Regular,Phone,Electronics,393.65,5,915.0,237,Yes,Autumn,53
686,2025-06-03,23,Male,Regular,Shoes,Clothing,141.63,30,1616.84,82,No,Summer,63
687,2025-11-20,49,Female,Regular,Watch,Accessories,80.88,10,1274.21,463,No,Autumn,88
688,2025-03-05,32,Female,Regular,Book,Books,27.93,5,258.42,34,No,Spring,14
689,2025-01-22,22,Male,Regular,Phone,Electronics,962.99,20,1140.6,247,No,Winter,53
690,2025-10-07,54,Male,New,Snack,Food,6.97,5,143.62,449,No,Autumn,73
691,2025-11-01,26,Female,Regular,Watch,Accessories,117.98,10,717.98,193,Yes,Autumn,57
692,2025-06-03,65,Female,Loyal,Laptop,Electronics,1778.81,0,663.59,194,No,Summer,24
693,2025-02-25,23,Male,Regular,Phone,Electronics,870.57,20,1923.61,390,No,Winter,83
694,2025-10-30,43,Female,Regular,Watch,Accessories,267.66,0,1689.76,171,No,Autumn,45
695,2025-05-10,33,Female,New,Headphones,Electronics,47.79,0,2487.86,460,Yes,Spring,97
696,2025-11-14,27,Female,New,Book,Books,29.51,20,779.31,371,No,Autumn,69
697,2025-12-30,27,Female,Regular,Shoes,Clothing,46.8,20,2380.42,325,No,Winter,85
698,2025-02-19,29,Female,Regular,Snack,Food,4.22,15,63.84,195,No,Winter,47
699,2025-11-05,60,Male,New,Book,Books,19.75,5,2146.42,371,No,Autumn,88
700,2025-03-07,62,Female,Regular,Laptop,Electronics,924.33,20,285.64,407,No,Spring,55
701,2025-10-17,52,Male,New,T-Shirt,Clothing,59.02,20,64.35,40,No,Autumn,34
702,2025-11-05,44,Female,Loyal,Phone,Electronics,997.06,0,1092.97,407,No,Autumn,62
703,2025-09-17,18,Male,New,Headphones,Electronics,38.39,15,1643.08,89,No,Autumn,48
704,2025-05-09,38,Female,New,Laptop,Electronics,1662.7,0,822.92,367,No,Spring,34
705,2025-04-24,29,Female,New,Watch,Accessories,250.75,0,476.32,324,No,Spring,48
706,2025-06-16,28,Female,Regular,Snack,Food,5.26,0,803.93,366,No,Summer,85
707,2025-01-16,32,Male,New,T-Shirt,Clothing,48.91,10,1633.22,173,No,Winter,47
708,2025-08-07,32,Female,Regular,Phone,Electronics,379.67,5,877.85,146,No,Summer,34
709,2025-03-03,35,Female,Regular,Shoes,Clothing,90.33,15,679.25,136,No,Spring,41
710,2025-11-07,44,Female,Regular,Watch,Accessories,44.66,25,828.4,23,No,Autumn,44
711,2025-04-04,32,Female,Regular,Coffee,Food,16.38,25,2477.77,228,No,Spring,84
712,2025-12-24,18,Female,Regular,Headphones,Electronics,241.41,30,976.71,301,No,Winter,74
713,2025-07-03,34,Female,New,Headphones,Electronics,261.08,20,2343.5,108,No,Summer,65
714,2025-04-15,28,Male,New,Book,Books,13.74,0,1114.14,285,No,Spring,58
715,2025-12-01,26,Female,Regular,Coffee,Food,12.71,30,1580.89,123,No,Winter,73
716,2025-09-12,53,Female,Loyal,Shoes,Clothing,122.37,5,1067.07,209,No,Autumn,55
717,2025-06-30,25,Male,New,Watch,Accessories,132.33,20,2328.47,333,No,Summer,74
718,2025-04-13,57,Male,New,Phone,Electronics,898.91,5,698.58,219,Yes,Spring,26
719,2025-11-08,63,Male,New,Book,Books,29.72,15,1895.27,239,Yes,Autumn,76
720,2025-04-26,26,Female,Loyal,Phone,Electronics,424.19,15,1717.58,159,Yes,Spring,74
721,2025-07-13,58,Male,Regular,Book,Books,11.22,10,202.55,320,Yes,Summer,64
722,2025-06-27,52,Male,Regular,Laptop,Electronics,1073.49,30,820.86,162,No,Summer,48
723,2025-06-17,65,Female,Regular,Laptop,Electronics,1120.49,0,2433.45,225,No,Summer,59
724,2025-03-05,33,Female,Regular,Shoes,Clothing,109.43,5,324.85,177,No,Spring,43
725,2025-11-24,24,Female,New,Headphones,Electronics,114.52,5,1449.39,490,No,Autumn,90
726,2025-05-24,65,Female,New,Watch,Accessories,194.18,20,2404.56,419,Yes,Spring,104
727,2025-04-30,60,Female,Regular,Laptop,Electronics,1105.3,15,2462.07,184,No,Spring,69
728,2025-12-06,22,Female,Loyal,Headphones,Electronics,143.25,0,2451.56,137,Yes,Winter,72
729,2025-04-01,56,Female,New,T-Shirt,Clothing,78.8,15,1260.53,181,No,Spring,53
730,2025-06-26,55,Female,Regular,Snack,Food,2.7,30,918.7,271,No,Summer,92
731,2025-10-18,55,Male,New,Phone,Electronics,841.47,30,2078.41,471,Yes,Autumn,105
732,2025-04-02,29,Male,New,Backpack,Accessories,102.12,25,130.16,165,No,Spring,35
733,2025-06-25,18,Female,Regular,Shoes,Clothing,67.29,0,1757.12,439,No,Summer,92
734,2025-01-25,57,Male,New,Shoes,Clothing,85.85,5,408.7,280,Yes,Winter,52
735,2025-03-05,43,Female,Loyal,Snack,Food,3.35,10,1748.78,142,No,Spring,61
736,2025-05-30,57,Female,New,T-Shirt,Clothing,18.89,10,2078.9,252,No,Spring,65
737,2025-05-06,34,Female,New,Laptop,Electronics,1191.33,20,482.53,189,No,Spring,25
738,2025-09-11,19,Female,Regular,Backpack,Accessories,37.51,20,591.45,338,No,Autumn,70
739,2025-11-29,61,Male,Regular,Coffee,Food,11.06,0,247.85,42,Yes,Autumn,32
740,2025-08-31,54,Male,Loyal,Watch,Accessories,162.36,0,501.65,173,Yes,Summer,37
741,2025-11-29,60,Male,Regular,Laptop,Electronics,1174.41,0,1989.51,305,Yes,Autumn,51
742,2025-02-16,64,Female,Loyal,Laptop,Electronics,1674.17,20,2391.37,143,Yes,Winter,51
743,2025-11-09,46,Female,New,Phone,Electronics,537.74,30,1920.03,114,Yes,Autumn,62
744,2025-11-27,59,Female,Regular,Laptop,Electronics,1745.52,10,919.72,171,No,Autumn,17
745,2025-10-23,33,Female,Regular,Shoes,Clothing,174.38,25,2098.83,136,No,Autumn,75
746,2025-12-11,28,Female,Regular,Shoes,Clothing,140.6,5,1584.87,470,No,Winter,98
747,2025-09-28,37,Male,New,Book,Books,36.69,15,2221.58,280,Yes,Autumn,79
748,2025-08-28,55,Male,New,T-Shirt,Clothing,63.7,25,849.26,161,No,Summer,49
749,2025-09-08,35,Female,Loyal,T-Shirt,Clothing,25.7,0,1025.54,464,No,Autumn,80
750,2025-10-02,28,Male,Regular,T-Shirt,Clothing,41.98,30,2343.4,213,No,Autumn,86
751,2025-02-27,36,Male,New,Phone,Electronics,984.05,10,1142.32,166,No,Winter,21
752,2025-08-31,31,Female,Regular,Watch,Accessories,150.36,15,2362.76,247,Yes,Summer,94
753,2025-12-19,38,Male,Regular,Snack,Food,2.0,25,861.37,246,No,Winter,70
754,2025-05-26,45,Female,New,Coffee,Food,16.39,10,2024.61,46,No,Spring,53
755,2025-06-18,23,Female,Regular,Book,Books,23.1,0,2384.2,92,No,Summer,57
756,2025-08-13,42,Male,New,Laptop,Electronics,1488.19,25,82.16,488,No,Summer,56
757,2025-02-25,25,Male,New,T-Shirt,Clothing,60.07,5,2474.74,388,No,Winter,87
758,2025-11-16,40,Female,Regular,Snack,Food,6.27,15,2021.69,48,Yes,Autumn,54
759,2025-08-23,35,Male,New,Laptop,Electronics,1498.17,25,1297.28,456,Yes,Summer,93
760,2025-08-27,57,Female,Regular,Snack,Food,1.96,25,1618.86,148,No,Summer,75
761,2025-12-07,61,Male,Regular,T-Shirt,Clothing,33.08,20,2360.84,370,Yes,Winter,106
762,2025-03-03,51,Female,New,Laptop,Electronics,1517.22,5,1294.75,298,No,Spring,36
763,2025-04-19,53,Female,New,Headphones,Electronics,129.38,25,262.31,442,Yes,Spring,77
764,2025-02-08,39,Male,New,Laptop,Electronics,989.36,10,1540.13,326,Yes,Winter,60
765,2025-07-18,18,Male,Regular,Watch,Accessories,228.74,30,125.23,359,No,Summer,63
766,2025-02-05,33,Female,New,T-Shirt,Clothing,19.32,15,1125.42,266,No,Winter,65
767,2025-04-25,53,Female,New,Phone,Electronics,788.21,5,1340.05,403,No,Spring,71
768,2025-04-30,41,Female,Regular,Phone,Electronics,799.72,30,57.77,308,No,Spring,67
769,2025-12-31,20,Male,Regular,Snack,Food,3.72,15,167.58,159,No,Winter,55
770,2025-06-05,21,Female,New,Coffee,Food,13.36,30,1589.99,426,No,Summer,104
771,2025-10-16,38,Male,Regular,Phone,Electronics,981.8,0,1389.53,361,No,Autumn,63
772,2025-01-22,18,Male,New,Laptop,Electronics,1232.3,25,660.88,200,No,Winter,28
773,2025-04-20,46,Male,New,Snack,Food,3.84,0,2246.76,139,Yes,Spring,58
774,2025-10-11,59,Female,Regular,Watch,Accessories,322.61,20,1500.46,24,Yes,Autumn,47
775,2025-07-22,56,Male,Loyal,Shoes,Clothing,36.35,30,69.45,230,No,Summer,76
776,2025-08-21,65,Female,New,Coffee,Food,8.94,25,1370.71,468,No,Summer,108
777,2025-07-24,20,Female,New,T-Shirt,Clothing,57.11,5,2282.35,301,No,Summer,81
778,2025-12-24,25,Female,Regular,Shoes,Clothing,70.46,25,1109.31,442,No,Winter,96
779,2025-08-04,44,Female,Loyal,Coffee,Food,10.05,25,1788.43,148,No,Summer,85
780,2025-09-27,32,Male,Regular,Coffee,Food,12.82,0,652.05,450,Yes,Autumn,69
781,2025-06-20,21,Female,Regular,Backpack,Accessories,84.2,20,1433.9,70,No,Summer,62
782,2025-11-24,31,Female,Regular,Watch,Accessories,244.81,25,995.09,85,No,Autumn,43
783,2025-07-27,22,Female,New,Shoes,Clothing,39.23,15,354.54,303,Yes,Summer,57
784,2025-08-21,60,Female,Regular,Headphones,Electronics,66.69,30,84.44,182,No,Summer,61
785,2025-02-06,62,Female,Loyal,Phone,Electronics,777.12,10,1631.57,86,No,Winter,29
786,2025-12-19,25,Female,Regular,Headphones,Electronics,85.93,10,2122.42,184,No,Winter,59
787,2025-03-30,24,Male,Loyal,Coffee,Food,6.73,15,2055.94,108,Yes,Spring,63
788,2025-09-07,52,Male,New,Laptop,Electronics,1786.82,25,877.76,146,Yes,Autumn,23
789,2025-01-09,52,Male,New,Backpack,Accessories,106.87,15,1873.68,383,No,Winter,77
790,2025-09-19,50,Female,New,Coffee,Food,5.93,10,2152.88,37,No,Autumn,51
791,2025-04-15,44,Male,New,Snack,Food,7.68,20,1579.1,405,No,Spring,89
792,2025-08-28,29,Female,New,Shoes,Clothing,168.35,30,1498.19,287,No,Summer,81
793,2025-12-30,27,Female,Loyal,Headphones,Electronics,90.88,20,270.54,86,No,Winter,57
794,2025-03-01,32,Male,Loyal,Watch,Accessories,289.55,10,2140.92,86,Yes,Spring,65
795,2025-06-15,56,Male,Regular,Backpack,Accessories,73.46,25,823.16,273,Yes,Summer,75
796,2025-07-21,62,Male,Loyal,Laptop,Electronics,1015.1,0,2142.41,321,No,Summer,69
797,2025-11-29,21,Male,New,Backpack,Accessories,46.17,15,259.24,224,Yes,Autumn,54
798,2025-12-05,49,Male,Regular,Snack,Food,6.09,25,395.94,266,No,Winter,66
799,2025-06-17,40,Female,Regular,Watch,Accessories,320.56,10,1635.46,223,No,Summer,65
800,2025-11-19,53,Male,New,Backpack,Accessories,67.57,30,1833.5,298,No,Autumn,83
801,2025-10-31,47,Male,New,Headphones,Electronics,75.16,25,185.45,262,No,Autumn,46
802,2025-03-17,56,Male,Loyal,Watch,Accessories,271.78,20,1996.1,486,No,Spring,122
803,2025-10-01,55,Female,Regular,Backpack,Accessories,66.34,30,952.48,452,No,Autumn,85
804,2025-03-20,65,Female,Regular,Phone,Electronics,732.13,20,913.6,243,No,Spring,58
805,2025-09-30,32,Male,New,Watch,Accessories,175.01,25,1600.64,292,No,Autumn,62
806,2025-06-24,31,Female,Regular,Coffee,Food,6.11,0,1069.84,127,No,Summer,51
807,2025-01-29,46,Female,Loyal,Watch,Accessories,286.81,15,2462.48,260,No,Winter,75
808,2025-04-15,61,Female,New,T-Shirt,Clothing,42.64,0,438.07,300,No,Spring,42
809,2025-04-22,26,Male,New,Backpack,Accessories,114.86,5,1813.19,148,No,Spring,43
810,2025-08-14,59,Female,New,Backpack,Accessories,77.32,20,2284.26,204,No,Summer,83
811,2025-04-08,51,Female,New,Watch,Accessories,295.3,25,2404.16,399,No,Spring,93
812,2025-10-31,24,Male,Regular,Coffee,Food,9.6,30,1961.15,470,No,Autumn,118
813,2025-03-23,39,Female,New,Watch,Accessories,40.32,15,830.86,153,Yes,Spring,49
814,2025-05-07,58,Female,Regular,Laptop,Electronics,1463.23,25,1165.17,92,No,Spring,25
815,2025-12-21,29,Female,Regular,Backpack,Accessories,66.65,30,1916.52,353,Yes,Winter,99
816,2025-03-18,45,Male,New,Book,Books,35.41,30,102.57,65,No,Spring,41
817,2025-07-04,50,Female,Regular,Shoes,Clothing,59.39,30,2352.77,217,No,Summer,94
818,2025-08-10,47,Male,Regular,T-Shirt,Clothing,51.0,15,64.94,177,Yes,Summer,36
819,2025-07-12,23,Male,Regular,Laptop,Electronics,1735.33,5,1059.36,30,Yes,Summer,20
820,2025-10-24,35,Male,Loyal,Coffee,Food,10.84,5,1863.14,186,No,Autumn,72
821,2025-11-04,24,Female,Regular,Backpack,Accessories,66.3,30,2027.4,427,No,Autumn,111
822,2025-07-13,21,Female,New,T-Shirt,Clothing,77.33,10,1267.32,263,Yes,Summer,65
823,2025-03-28,58,Male,Loyal,T-Shirt,Clothing,65.54,10,62.82,445,No,Spring,69
824,2025-04-04,54,Female,New,Shoes,Clothing,106.85,30,996.43,286,No,Spring,71
825,2025-10-14,36,Female,New,Phone,Electronics,836.38,25,1399.14,307,No,Autumn,62
826,2025-12-09,22,Female,Regular,Snack,Food,5.78,15,70.46,29,No,Winter,33
827,2025-09-09,49,Male,Regular,Book,Books,34.03,25,2066.82,318,No,Autumn,90
828,2025-12-29,42,Female,New,Headphones,Electronics,272.04,10,329.32,380,No,Winter,54
829,2025-12-22,59,Male,Regular,Backpack,Accessories,107.58,20,2304.87,83,No,Winter,56
830,2025-08-31,42,Female,Regular,Laptop,Electronics,1237.14,20,459.73,214,Yes,Summer,47
831,2025-05-12,37,Male,New,Laptop,Electronics,789.8,15,1321.19,356,No,Spring,62
832,2025-04-16,21,Male,New,Book,Books,18.55,25,2404.03,258,No,Spring,80
833,2025-09-23,23,Female,Loyal,T-Shirt,Clothing,26.61,10,132.85,226,No,Autumn,63
834,2025-07-13,21,Male,Regular,Laptop,Electronics,963.45,15,88.98,287,Yes,Summer,49
835,2025-03-03,59,Male,Regular,Backpack,Accessories,117.86,20,1161.81,177,No,Spring,58
836,2025-04-04,53,Male,New,T-Shirt,Clothing,59.87,15,1895.11,150,No,Spring,74
837,2025-03-27,22,Female,Regular,Shoes,Clothing,64.62,0,2012.82,359,No,Spring,70
838,2025-04-17,28,Male,Regular,T-Shirt,Clothing,32.37,5,1030.86,369,No,Spring,75
839,2025-11-19,48,Female,Regular,Phone,Electronics,349.68,0,781.05,69,No,Autumn,10
840,2025-08-30,22,Female,New,Snack,Food,6.34,10,267.38,215,Yes,Summer,51
841,2025-06-10,58,Male,New,Shoes,Clothing,59.45,30,2495.34,473,No,Summer,117
842,2025-11-21,51,Male,New,Book,Books,44.07,30,2144.84,399,No,Autumn,96
843,2025-02-28,37,Female,Regular,Phone,Electronics,609.08,0,670.37,475,No,Winter,62
844,2025-09-20,33,Male,New,Laptop,Electronics,1433.94,5,1744.2,421,Yes,Autumn,67
845,2025-01-26,28,Male,Loyal,Laptop,Electronics,995.48,25,1045.91,91,Yes,Winter,37
846,2025-08-02,52,Female,New,Laptop,Electronics,1676.46,0,1425.77,131,Yes,Summer,35
847,2025-07-02,29,Male,Loyal,Coffee,Food,15.46,30,318.98,94,No,Summer,61
848,2025-04-15,53,Female,Regular,Laptop,Electronics,1241.71,30,1101.75,93,No,Spring,32
849,2025-06-21,56,Male,Regular,Headphones,Electronics,125.39,25,2377.5,273,Yes,Summer,88
850,2025-02-17,48,Male,Loyal,Book,Books,9.73,10,1062.9,231,No,Winter,56
851,2025-05-23,51,Male,Regular,Book,Books,36.16,5,1015.83,24,No,Spring,31
852,2025-12-26,50,Male,Regular,Shoes,Clothing,63.07,25,1379.05,403,No,Winter,90
853,2025-03-23,46,Male,New,Shoes,Clothing,165.55,25,759.04,277,Yes,Spring,74
854,2025-05-27,41,Male,Regular,Snack,Food,7.42,15,1764.92,209,No,Spring,68
855,2025-04-17,57,Female,Regular,Book,Books,24.0,5,1004.9,96,No,Spring,46
856,2025-06-08,31,Male,Loyal,Headphones,Electronics,249.6,20,101.88,330,Yes,Summer,80
857,2025-06-27,23,Female,New,Watch,Accessories,266.67,15,1101.62,56,No,Summer,27
858,2025-10-15,31,Male,Regular,Watch,Accessories,151.09,0,1535.77,324,No,Autumn,67
859,2025-12-26,59,Female,Loyal,Watch,Accessories,53.28,15,1736.39,31,No,Winter,56
860,2025-07-07,34,Male,Regular,Headphones,Electronics,255.63,5,989.69,361,No,Summer,61
861,2025-05-18,57,Female,Regular,T-Shirt,Clothing,16.6,25,113.44,500,Yes,Spring,83
862,2025-07-26,51,Male,Regular,Coffee,Food,16.51,25,1682.84,453,Yes,Summer,117
863,2025-03-18,53,Male,New,Headphones,Electronics,141.61,5,2370.83,54,No,Spring,40
864,2025-09-23,51,Male,New,Watch,Accessories,221.41,0,86.46,37,No,Autumn,11
865,2025-10-27,29,Male,Regular,Book,Books,31.01,0,1949.09,55,No,Autumn,45
866,2025-03-04,22,Female,New,Snack,Food,5.54,25,1486.54,491,No,Spring,96
867,2025-06-05,34,Female,Regular,Laptop,Electronics,861.97,30,1165.72,101,No,Summer,54
868,2025-06-21,31,Male,Loyal,Watch,Accessories,61.47,20,473.16,144,Yes,Summer,69
869,2025-07-24,36,Female,New,Snack,Food,5.42,20,1989.17,78,No,Summer,62
870,2025-09-09,41,Female,Regular,Backpack,Accessories,23.76,25,1073.27,80,No,Autumn,44
871,2025-06-06,26,Male,Regular,Phone,Electronics,337.12,20,1182.08,37,No,Summer,50
872,2025-06-15,28,Male,New,Watch,Accessories,289.29,10,1835.51,310,Yes,Summer,75
873,2025-07-19,55,Male,Loyal,T-Shirt,Clothing,70.94,20,1013.12,315,Yes,Summer,83
874,2025-03-29,29,Male,New,Watch,Accessories,48.34,10,2301.27,264,Yes,Spring,83
875,2025-11-07,37,Female,Regular,Backpack,Accessories,85.69,20,909.07,186,No,Autumn,55
876,2025-03-18,38,Male,Regular,Phone,Electronics,968.68,30,272.41,485,No,Spring,73
877,2025-04-19,41,Male,New,Book,Books,45.0,30,631.91,269,Yes,Spring,68
878,2025-08-09,29,Male,New,Coffee,Food,6.0,30,2426.26,425,Yes,Summer,114
879,2025-04-02,36,Female,Regular,Coffee,Food,7.42,0,2255.67,99,No,Spring,51
880,2025-11-08,57,Male,Regular,Laptop,Electronics,797.28,0,613.07,121,Yes,Autumn,33
881,2025-05-09,53,Female,Regular,Book,Books,25.53,10,2405.94,352,No,Spring,96
882,2025-05-16,48,Female,New,Headphones,Electronics,114.05,20,1914.42,158,No,Spring,58
883,2025-07-11,42,Female,Regular,Shoes,Clothing,65.34,20,747.38,244,No,Summer,78
884,2025-11-17,46,Female,New,Shoes,Clothing,40.57,30,2024.22,336,No,Autumn,88
885,2025-10-16,62,Female,Loyal,Laptop,Electronics,1467.27,10,340.24,289,No,Autumn,43
886,2025-04-18,28,Male,Regular,Watch,Accessories,264.93,15,2475.78,425,No,Spring,89
887,2025-01-25,40,Female,Loyal,Book,Books,13.44,10,518.02,144,Yes,Winter,41
888,2025-06-16,38,Male,Regular,Backpack,Accessories,80.71,5,773.16,473,No,Summer,73
889,2025-11-24,23,Female,Regular,Snack,Food,5.56,5,1169.45,73,No,Autumn,44
890,2025-07-29,36,Female,Regular,Coffee,Food,17.87,25,1062.05,222,No,Summer,79
891,2025-09-19,46,Male,New,Phone,Electronics,680.59,20,1562.51,465,No,Autumn,89
892,2025-05-26,33,Female,New,Watch,Accessories,277.8,20,1199.23,52,No,Spring,18
893,2025-10-12,18,Male,Regular,Watch,Accessories,255.26,10,314.72,252,Yes,Autumn,52
894,2025-01-04,59,Male,Regular,Coffee,Food,13.79,5,126.56,112,Yes,Winter,39
895,2025-07-10,26,Female,Regular,Laptop,Electronics,1054.65,20,1029.91,277,No,Summer,53
896,2025-10-06,62,Female,Regular,Headphones,Electronics,33.44,15,1534.88,313,No,Autumn,83
897,2025-02-19,47,Male,Regular,Book,Books,19.31,15,866.77,332,No,Winter,82
898,2025-08-16,19,Female,Regular,Laptop,Electronics,1478.36,20,934.93,323,Yes,Summer,67
899,2025-10-09,64,Female,Loyal,Laptop,Electronics,1538.71,5,1448.64,152,No,Autumn,47
900,2025-01-21,37,Female,Regular,Backpack,Accessories,98.08,25,2077.72,490,No,Winter,116
901,2025-04-06,60,Female,Regular,Headphones,Electronics,100.84,30,2497.87,420,Yes,Spring,114
902,2025-08-09,64,Male,New,Shoes,Clothing,50.03,0,1933.88,299,Yes,Summer,63
903,2025-04-29,18,Female,New,Coffee,Food,13.86,25,1362.78,25,No,Spring,57
904,2025-12-21,61,Male,Regular,Book,Books,37.26,20,1323.17,131,Yes,Winter,68
905,2025-10-01,60,Female,Regular,T-Shirt,Clothing,79.79,0,1857.93,141,No,Autumn,55
906,2025-06-25,20,Female,Regular,T-Shirt,Clothing,42.58,0,344.27,178,No,Summer,40
907,2025-07-13,59,Male,New,Book,Books,36.85,10,1709.83,192,Yes,Summer,67
908,2025-08-31,22,Female,Regular,Laptop,Electronics,1611.28,25,2437.0,315,Yes,Summer,84
909,2025-02-08,36,Male,Regular,Backpack,Accessories,55.68,20,1686.6,212,Yes,Winter,76
910,2025-10-13,29,Male,New,Laptop,Electronics,1325.83,5,1234.31,231,No,Autumn,34
911,2025-10-27,19,Male,Regular,Backpack,Accessories,64.53,20,253.98,342,No,Autumn,70
912,2025-08-03,40,Female,Regular,Watch,Accessories,320.59,10,576.54,108,Yes,Summer,41
913,2025-01-27,32,Male,New,Book,Books,34.53,25,1002.88,151,No,Winter,50
914,2025-07-01,26,Female,Loyal,Watch,Accessories,133.56,0,1524.74,165,No,Summer,54
915,2025-08-25,23,Male,New,Shoes,Clothing,136.56,15,1753.29,45,No,Summer,43
916,2025-03-18,43,Male,Regular,T-Shirt,Clothing,72.46,0,210.87,331,No,Spring,42
917,2025-05-30,33,Male,Regular,Watch,Accessories,88.06,25,1602.61,34,No,Spring,51
918,2025-07-18,37,Male,New,Shoes,Clothing,56.97,15,285.81,269,No,Summer,41
919,2025-01-18,42,Male,Loyal,Laptop,Electronics,1284.93,25,313.69,478,Yes,Winter,65
920,2025-04-06,19,Female,Regular,Watch,Accessories,196.6,15,1858.92,377,Yes,Spring,88
921,2025-12-23,27,Male,Regular,Laptop,Electronics,1504.2,15,2126.51,355,No,Winter,61
922,2025-08-10,58,Male,New,Book,Books,17.0,0,801.73,375,Yes,Summer,63
923,2025-03-02,51,Female,Loyal,Headphones,Electronics,113.92,20,2117.74,303,Yes,Spring,94
924,2025-06-11,53,Female,Loyal,Backpack,Accessories,88.07,25,704.92,30,No,Summer,40
925,2025-04-09,55,Male,New,Headphones,Electronics,276.88,20,1264.7,476,No,Spring,79
926,2025-11-26,34,Male,Loyal,Book,Books,32.75,10,758.13,417,No,Autumn,79
927,2025-05-16,49,Male,New,Book,Books,13.6,5,321.83,123,No,Spring,27
928,2025-07-29,28,Male,Regular,Backpack,Accessories,39.38,0,1852.01,337,No,Summer,78
929,2025-07-29,53,Male,Regular,Laptop,Electronics,1507.65,15,1007.11,105,No,Summer,29
930,2025-10-29,55,Female,Regular,Backpack,Accessories,99.66,30,1331.17,282,No,Autumn,82
931,2025-08-20,58,Female,Regular,Headphones,Electronics,118.16,15,68.84,85,No,Summer,34
932,2025-08-26,20,Female,Regular,T-Shirt,Clothing,28.48,30,2386.08,351,No,Summer,100
933,2025-02-01,38,Female,Regular,Coffee,Food,4.97,20,2115.98,87,Yes,Winter,72
934,2025-02-06,28,Female,Regular,Backpack,Accessories,43.66,20,909.33,205,No,Winter,76
935,2025-11-17,63,Female,Regular,Headphones,Electronics,239.16,25,2403.42,411,No,Autumn,95
936,2025-09-06,36,Male,New,Snack,Food,4.74,0,1794.15,164,Yes,Autumn,45
937,2025-12-25,49,Male,Regular,Shoes,Clothing,106.76,20,828.73,348,No,Winter,75
938,2025-08-09,39,Female,New,Shoes,Clothing,74.26,5,269.78,368,Yes,Summer,72
939,2025-12-21,21,Male,Regular,Backpack,Accessories,49.07,5,1184.59,94,Yes,Winter,41
940,2025-02-21,62,Male,New,Shoes,Clothing,73.42,10,1970.46,227,No,Winter,59
941,2025-07-04,61,Male,New,Coffee,Food,7.14,10,1590.79,116,No,Summer,66
942,2025-05-13,49,Male,Regular,Watch,Accessories,225.56,20,2017.4,87,No,Spring,57
943,2025-03-12,42,Female,Loyal,Watch,Accessories,157.55,5,684.83,223,No,Spring,46
944,2025-08-07,53,Male,Regular,Phone,Electronics,527.88,30,507.28,356,No,Summer,56
945,2025-03-30,40,Male,New,Snack,Food,2.44,10,1826.16,214,Yes,Spring,61
946,2025-05-03,20,Male,Loyal,Laptop,Electronics,819.93,25,337.84,196,Yes,Spring,50
947,2025-10-27,50,Female,Regular,Watch,Accessories,178.4,10,76.09,383,No,Autumn,66
948,2025-12-18,39,Female,New,T-Shirt,Clothing,60.14,10,1408.46,400,No,Winter,84
949,2025-07-24,43,Male,New,Watch,Accessories,260.79,20,1969.92,413,No,Summer,90
950,2025-08-22,54,Female,Loyal,Book,Books,36.73,10,1106.51,341,No,Summer,86
951,2025-08-24,23,Female,New,Headphones,Electronics,277.11,0,79.4,486,Yes,Summer,57
952,2025-05-18,33,Female,New,Laptop,Electronics,1408.69,15,372.84,470,Yes,Spring,59
953,2025-05-24,59,Female,New,Backpack,Accessories,75.47,0,1064.84,54,Yes,Spring,41
954,2025-03-12,30,Female,Regular,Shoes,Clothing,49.19,20,2391.99,451,No,Spring,108
955,2025-12-21,21,Male,Regular,Coffee,Food,5.47,25,796.33,49,Yes,Winter,45
956,2025-04-19,65,Male,Loyal,Watch,Accessories,324.24,5,1337.21,327,Yes,Spring,73
957,2025-08-16,33,Male,New,Phone,Electronics,1042.87,0,2075.85,145,Yes,Summer,51
958,2025-05-30,35,Male,Regular,Backpack,Accessories,76.18,10,1408.72,53,No,Spring,40
959,2025-12-08,47,Female,Regular,Watch,Accessories,113.31,15,1810.09,346,No,Winter,82
960,2025-04-04,31,Male,Regular,Phone,Electronics,342.8,10,1092.7,342,No,Spring,57
961,2025-07-25,52,Male,Regular,Laptop,Electronics,1613.18,10,2121.96,49,No,Summer,25
962,2025-02-09,51,Male,New,Snack,Food,4.88,10,2301.06,336,Yes,Winter,82
963,2025-04-09,46,Male,Loyal,Snack,Food,7.06,0,700.88,459,No,Spring,79
964,2025-04-23,37,Male,New,Watch,Accessories,128.7,30,585.85,47,No,Spring,26
965,2025-04-02,57,Female,Regular,Coffee,Food,6.81,20,2324.99,302,No,Spring,92
966,2025-04-26,34,Male,Regular,Laptop,Electronics,1297.52,20,1329.12,128,Yes,Spring,52
967,2025-09-06,58,Male,Regular,Book,Books,16.54,20,419.73,437,Yes,Autumn,93
968,2025-07-25,34,Female,Loyal,Coffee,Food,13.4,25,332.54,237,No,Summer,63
969,2025-08-22,30,Female,Loyal,Coffee,Food,15.59,0,2246.18,371,No,Summer,90
970,2025-08-20,23,Male,New,Phone,Electronics,642.89,15,2410.37,189,No,Summer,70
971,2025-07-12,30,Male,Regular,T-Shirt,Clothing,25.21,0,1713.79,268,Yes,Summer,75
972,2025-05-01,64,Female,Regular,Backpack,Accessories,43.22,20,2350.19,256,No,Spring,77
973,2025-04-29,52,Female,Loyal,Snack,Food,3.99,20,1553.8,93,No,Spring,65
974,2025-04-16,47,Female,New,T-Shirt,Clothing,23.88,25,2285.03,58,No,Spring,59
975,2025-03-02,27,Male,New,Phone,Electronics,617.16,15,2302.78,367,Yes,Spring,84
976,2025-10-22,34,Female,Regular,Shoes,Clothing,38.27,30,351.12,499,No,Autumn,91
977,2025-03-23,64,Male,Loyal,Coffee,Food,17.73,15,1784.67,210,Yes,Spring,86
978,2025-11-25,30,Female,Regular,Backpack,Accessories,54.35,25,2030.35,264,No,Autumn,83
979,2025-07-20,29,Male,Loyal,Coffee,Food,10.87,20,1447.26,78,Yes,Summer,69
980,2025-05-12,65,Female,Loyal,Book,Books,37.34,5,2497.87,279,No,Spring,83
981,2025-12-19,27,Male,Regular,Shoes,Clothing,115.69,5,834.28,220,No,Winter,55
982,2025-03-28,41,Male,Regular,Snack,Food,6.68,5,1317.0,319,No,Spring,75
983,2025-12-14,32,Male,Loyal,Phone,Electronics,948.26,20,1118.4,402,Yes,Winter,85
984,2025-10-23,44,Male,Regular,Phone,Electronics,939.73,5,2182.43,208,No,Autumn,58
985,2025-11-12,28,Female,Regular,Book,Books,12.12,15,1065.93,210,No,Autumn,61
986,2025-07-25,35,Male,New,Watch,Accessories,221.27,20,1367.03,267,No,Summer,68
987,2025-02-18,25,Female,New,Book,Books,34.76,20,542.48,118,No,Winter,26
988,2025-09-05,49,Male,New,Book,Books,17.31,10,1060.55,29,No,Autumn,25
989,2025-01-20,44,Male,Regular,Snack,Food,6.35,5,1034.04,264,No,Winter,56
990,2025-02-20,24,Female,Loyal,Backpack,Accessories,33.4,25,1019.33,279,No,Winter,86
991,2025-01-31,25,Male,New,T-Shirt,Clothing,55.55,10,855.6,28,No,Winter,15
992,2025-02-04,37,Male,Loyal,Shoes,Clothing,40.66,30,1824.99,427,No,Winter,111
993,2025-11-30,47,Female,Loyal,Watch,Accessories,286.63,0,1202.85,371,Yes,Autumn,82
994,2025-03-20,64,Male,Regular,Book,Books,28.24,25,2201.99,500,No,Spring,107
995,2025-12-14,35,Female,Loyal,T-Shirt,Clothing,35.27,20,427.84,58,Yes,Winter,40
996,2025-07-27,33,Female,Loyal,Book,Books,8.83,0,1317.97,401,Yes,Summer,88
997,2025-10-19,26,Male,Regular,Backpack,Accessories,92.65,30,2008.39,475,Yes,Autumn,110
998,2025-07-16,33,Female,Regular,Headphones,Electronics,152.51,20,2342.82,321,No,Summer,93
999,2025-09-02,39,Female,New,Backpack,Accessories,76.55,20,758.91,31,No,Autumn,27
1000,2025-12-19,62,Male,Regular,Shoes,Clothing,105.93,25,2194.07,90,No,Winter,60
1001,2025-08-09,25,Female,Regular,Watch,Accessories,66.16,20,946.91,216,Yes,Summer,71
1002,2025-05-10,49,Male,Regular,Headphones,Electronics,30.79,10,1853.32,411,Yes,Spring,89
1003,2025-10-09,26,Male,New,Coffee,Food,10.8,30,1708.91,49,No,Autumn,54
1004,2025-03-28,55,Female,Regular,Phone,Electronics,839.84,25,2181.68,73,No,Spring,47
1005,2025-11-02,41,Female,New,Phone,Electronics,622.86,20,2168.36,445,Yes,Autumn,86
1006,2025-06-22,34,Male,Regular,Shoes,Clothing,116.21,10,1985.38,453,Yes,Summer,88
1007,2025-12-18,30,Male,New,Backpack,Accessories,44.4,15,1614.94,334,No,Winter,66
1008,2025-12-16,42,Male,Regular,Shoes,Clothing,137.62,5,795.4,53,No,Winter,36
1009,2025-03-22,41,Female,Loyal,Snack,Food,4.76,25,749.94,479,Yes,Spring,114
1010,2025-12-21,32,Female,New,T-Shirt,Clothing,53.37,25,678.29,433,Yes,Winter,86
1011,2025-06-02,53,Male,Regular,T-Shirt,Clothing,75.23,30,874.57,478,No,Summer,109
1012,2025-02-01,37,Male,Regular,Book,Books,12.37,20,377.04,212,Yes,Winter,56
1013,2025-01-18,22,Male,Regular,Watch,Accessories,152.08,0,785.58,376,Yes,Winter,70
1014,2025-10-25,63,Female,New,Snack,Food,5.45,10,579.29,461,Yes,Autumn,90
1015,2025-05-04,42,Female,New,Headphones,Electronics,94.18,10,1665.5,470,Yes,Spring,95
1016,2025-04-12,24,Female,New,Backpack,Accessories,78.51,15,1562.04,104,Yes,Spring,55
1017,2025-01-18,23,Male,New,Laptop,Electronics,1601.17,15,2008.11,69,Yes,Winter,23
1018,2025-03-15,19,Male,Regular,Backpack,Accessories,55.88,5,117.2,101,Yes,Spring,36
1019,2025-12-28,27,Female,New,Snack,Food,4.53,20,2105.22,383,Yes,Winter,91
1020,2025-09-13,20,Female,Regular,Coffee,Food,3.63,5,440.61,264,Yes,Autumn,62
1021,2025-01-29,22,Male,New,Headphones,Electronics,248.72,25,1015.83,136,No,Winter,49
1022,2025-03-24,28,Male,Regular,Watch,Accessories,163.75,25,567.82,67,No,Spring,43
1023,2025-08-03,40,Male,New,Snack,Food,7.49,0,1917.64,482,Yes,Summer,100
1024,2025-04-13,37,Female,New,T-Shirt,Clothing,28.81,5,127.09,442,Yes,Spring,66
1025,2025-03-10,37,Female,Regular,Shoes,Clothing,149.79,10,2341.46,356,No,Spring,89
1026,2025-06-06,57,Female,Loyal,Snack,Food,5.9,25,1143.57,401,No,Summer,94
1027,2025-09-24,57,Female,Regular,Snack,Food,3.33,30,1066.4,357,No,Autumn,95
1028,2025-08-31,50,Male,New,Backpack,Accessories,31.73,5,438.14,394,Yes,Summer,73
1029,2025-01-28,40,Male,New,Book,Books,39.64,5,2364.27,447,No,Winter,83
1030,2025-07-12,63,Male,Regular,Headphones,Electronics,169.62,20,1710.61,201,Yes,Summer,78
1031,2025-04-21,55,Male,Regular,Coffee,Food,11.35,20,502.78,488,No,Spring,86
1032,2025-12-27,44,Female,New,Laptop,Electronics,710.17,30,1398.77,290,Yes,Winter,64
1033,2025-02-01,35,Male,Loyal,Watch,Accessories,325.4,10,1877.25,358,Yes,Winter,81
1034,2025-11-23,44,Female,Regular,Watch,Accessories,60.68,10,2170.15,422,Yes,Autumn,111
1035,2025-01-11,57,Male,Regular,Laptop,Electronics,1611.7,25,2249.27,31,Yes,Winter,60
1036,2025-05-02,33,Female,Regular,Backpack,Accessories,76.0,25,931.64,243,No,Spring,59
1037,2025-07-30,35,Female,Regular,Shoes,Clothing,176.49,30,1021.41,352,No,Summer,80
1038,2025-01-17,26,Male,Regular,Snack,Food,4.32,30,691.2,355,No,Winter,85
1039,2025-07-14,37,Male,Loyal,Book,Books,25.01,15,152.81,460,No,Summer,82
1040,2025-09-25,58,Male,Regular,Laptop,Electronics,1603.68,25,374.55,469,No,Autumn,53
1041,2025-04-28,65,Male,New,Phone,Electronics,509.85,15,710.58,52,No,Spring,21
1042,2025-01-02,50,Female,Regular,Watch,Accessories,216.86,10,507.95,39,No,Winter,27
1043,2025-01-25,48,Male,Regular,Watch,Accessories,337.73,20,562.37,283,Yes,Winter,56
1044,2025-08-04,56,Female,Regular,Watch,Accessories,339.97,15,1567.78,285,No,Summer,73
1045,2025-03-20,35,Female,Regular,Watch,Accessories,269.43,30,1611.04,132,No,Spring,68
1046,2025-08-05,45,Male,Loyal,T-Shirt,Clothing,27.91,30,2059.43,62,No,Summer,59
1047,2025-09-16,50,Female,Loyal,T-Shirt,Clothing,36.91,20,119.24,220,No,Autumn,58
1048,2025-07-04,52,Male,New,Snack,Food,5.87,30,2141.16,21,No,Summer,61
1049,2025-10-26,20,Female,Regular,Laptop,Electronics,923.25,5,2124.09,460,Yes,Autumn,95
1050,2025-05-22,30,Male,New,Book,Books,12.76,15,1611.13,308,No,Spring,81
1051,2025-04-10,25,Male,Loyal,Watch,Accessories,341.6,0,1036.0,28,No,Spring,26
1052,2025-02-08,18,Female,Regular,Snack,Food,5.49,25,1310.81,268,Yes,Winter,75
1053,2025-01-07,59,Female,Regular,Watch,Accessories,283.86,5,1919.85,88,No,Winter,39
1054,2025-07-12,54,Female,Regular,Watch,Accessories,258.16,20,878.67,284,Yes,Summer,72
1055,2025-08-21,53,Female,Regular,Coffee,Food,6.24,15,469.61,441,No,Summer,79
1056,2025-08-13,40,Male,Loyal,Shoes,Clothing,138.89,10,619.33,496,No,Summer,90
1057,2025-11-09,44,Female,Regular,T-Shirt,Clothing,22.09,25,2369.02,123,Yes,Autumn,82
1058,2025-05-07,55,Female,New,Shoes,Clothing,90.68,20,1902.55,57,No,Spring,60
1059,2025-11-12,40,Male,Regular,Coffee,Food,15.99,30,1595.66,327,No,Autumn,101
1060,2025-04-16,50,Female,New,Book,Books,15.65,20,1630.36,264,No,Spring,62
1061,2025-10-04,37,Male,New,T-Shirt,Clothing,60.03,0,1515.68,195,Yes,Autumn,62
1062,2025-11-29,54,Male,Loyal,Phone,Electronics,353.69,15,1426.17,439,Yes,Autumn,91
1063,2025-09-04,35,Female,New,Snack,Food,1.54,0,442.08,438,No,Autumn,78
1064,2025-03-26,19,Female,New,Book,Books,25.97,30,683.69,422,No,Spring,93
1065,2025-05-26,33,Female,Regular,Shoes,Clothing,159.11,15,1277.78,326,No,Spring,69
1066,2025-12-28,38,Female,Regular,Backpack,Accessories,44.45,15,1129.57,297,Yes,Winter,77
1067,2025-09-12,20,Male,New,Snack,Food,5.9,10,324.75,192,No,Autumn,44
1068,2025-06-07,24,Male,Regular,Laptop,Electronics,1000.43,0,2469.43,136,Yes,Summer,50
1069,2025-03-05,36,Male,New,Headphones,Electronics,287.51,20,85.65,434,No,Spring,56
1070,2025-07-21,63,Male,Loyal,Laptop,Electronics,707.78,5,661.6,94,No,Summer,33
1071,2025-07-16,39,Male,New,Snack,Food,4.43,25,136.64,61,No,Summer,29
1072,2025-09-26,60,Female,Regular,Headphones,Electronics,189.85,10,451.2,47,No,Autumn,26
1073,2025-07-05,33,Male,New,Snack,Food,1.28,25,980.74,165,Yes,Summer,59
1074,2025-08-15,54,Male,Loyal,Laptop,Electronics,1381.15,20,1374.32,89,No,Summer,28
1075,2025-05-31,62,Male,Regular,Coffee,Food,11.76,25,1800.62,410,Yes,Spring,112
1076,2025-11-22,28,Male,Regular,Book,Books,12.18,15,1848.61,414,Yes,Autumn,95
1077,2025-04-16,58,Male,New,Snack,Food,2.89,0,1562.7,57,No,Spring,36
1078,2025-02-24,21,Male,New,Shoes,Clothing,73.23,30,780.43,182,No,Winter,42
1079,2025-04-05,32,Female,Regular,Book,Books,43.64,25,1530.88,33,Yes,Spring,57
1080,2025-04-23,63,Female,Regular,Backpack,Accessories,73.24,15,728.4,315,No,Spring,69
1081,2025-05-25,30,Male,New,Watch,Accessories,87.72,25,1327.69,33,Yes,Spring,32
1082,2025-12-19,38,Female,Regular,Watch,Accessories,297.45,30,250.83,447,No,Winter,89
1083,2025-11-09,64,Male,New,Watch,Accessories,216.97,5,2241.42,22,Yes,Autumn,36
1084,2025-10-02,58,Male,Loyal,Book,Books,39.41,15,1933.82,426,No,Autumn,103
1085,2025-06-13,44,Female,New,T-Shirt,Clothing,18.38,10,526.35,490,No,Summer,69
1086,2025-12-16,49,Female,New,Book,Books,34.43,0,1530.73,110,No,Winter,29
1087,2025-10-14,28,Female,Regular,Headphones,Electronics,55.9,5,917.33,424,No,Autumn,78
1088,2025-09-13,37,Female,Regular,Coffee,Food,14.66,25,1914.34,430,Yes,Autumn,119
1089,2025-02-20,54,Female,Regular,Headphones,Electronics,33.69,15,121.65,232,No,Winter,36
1090,2025-07-19,24,Female,New,T-Shirt,Clothing,64.94,20,1416.88,371,Yes,Summer,91
1091,2025-11-05,29,Female,New,Backpack,Accessories,26.18,30,184.17,381,No,Autumn,68
1092,2025-02-06,27,Female,Regular,Snack,Food,5.68,25,600.82,180,No,Winter,57
1093,2025-12-22,57,Male,New,Watch,Accessories,86.2,5,236.31,48,No,Winter,20
1094,2025-11-28,55,Female,Loyal,Book,Books,14.77,25,1019.34,149,No,Autumn,65
1095,2025-01-07,60,Male,Loyal,Snack,Food,1.7,5,295.22,72,No,Winter,34
1096,2025-11-02,61,Female,Regular,Book,Books,10.71,5,856.79,296,Yes,Autumn,57
1097,2025-11-28,52,Female,Loyal,T-Shirt,Clothing,77.67,20,1112.97,321,No,Autumn,87
1098,2025-01-21,31,Male,Regular,Headphones,Electronics,49.52,5,2202.13,494,No,Winter,100
1099,2025-10-23,64,Male,Regular,T-Shirt,Clothing,76.31,30,1869.81,472,No,Autumn,110
1100,2025-10-15,55,Male,Regular,Phone,Electronics,312.91,15,1703.96,462,No,Autumn,94
1101,2025-03-22,60,Male,Regular,Watch,Accessories,172.8,15,2075.85,422,Yes,Spring,99
1102,2025-06-26,55,Male,New,Snack,Food,5.87,10,1301.17,31,No,Summer,41
1103,2025-07-16,32,Female,Regular,Shoes,Clothing,146.24,30,726.72,281,No,Summer,72
1104,2025-01-19,20,Female,Regular,Phone,Electronics,937.34,0,1396.21,188,Yes,Winter,41
1105,2025-08-29,44,Male,Regular,Laptop,Electronics,1449.5,30,1425.69,143,No,Summer,54
1106,2025-03-31,26,Female,New,Laptop,Electronics,979.53,25,1217.38,241,No,Spring,47
1107,2025-01-05,29,Female,Regular,Shoes,Clothing,53.37,20,2477.32,365,Yes,Winter,96
1108,2025-01-13,55,Female,New,Laptop,Electronics,866.69,20,1976.89,116,No,Winter,37
1109,2025-08-19,38,Male,Regular,Laptop,Electronics,1051.8,20,920.78,68,No,Summer,28
1110,2025-12-17,22,Male,Regular,Watch,Accessories,163.11,0,576.6,288,No,Winter,49
1111,2025-01-10,53,Male,Regular,Shoes,Clothing,157.43,0,1869.36,483,No,Winter,91
1112,2025-11-19,55,Male,New,Laptop,Electronics,1104.27,20,1243.56,31,No,Autumn,20
1113,2025-02-19,42,Female,New,Book,Books,43.07,25,993.69,150,No,Winter,53
1114,2025-09-29,47,Female,Regular,T-Shirt,Clothing,48.07,0,1177.74,301,No,Autumn,68
1115,2025-03-17,40,Female,Regular,Coffee,Food,8.67,15,117.37,398,No,Spring,87
1116,2025-03-06,33,Male,New,T-Shirt,Clothing,62.45,30,944.27,335,No,Spring,69
1117,2025-10-23,45,Female,Regular,Shoes,Clothing,140.92,20,1964.77,289,No,Autumn,81
1118,2025-09-12,18,Male,Regular,Headphones,Electronics,54.6,0,1185.71,230,No,Autumn,51
1119,2025-03-31,36,Male,New,Coffee,Food,4.31,0,1986.8,355,No,Spring,81
1120,2025-03-25,20,Female,New,Headphones,Electronics,186.32,20,1793.25,297,No,Spring,68
1121,2025-04-05,25,Female,Regular,Shoes,Clothing,119.55,25,454.48,274,Yes,Spring,68
1122,2025-05-10,33,Female,Regular,Shoes,Clothing,105.88,0,218.82,119,Yes,Spring,31
1123,2025-05-20,60,Female,New,Coffee,Food,7.6,5,2483.95,196,No,Spring,70
1124,2025-01-21,49,Female,New,Phone,Electronics,415.17,20,673.12,452,No,Winter,77
1125,2025-07-17,30,Female,New,T-Shirt,Clothing,67.76,30,2336.86,496,No,Summer,129
1126,2025-12-23,59,Male,New,T-Shirt,Clothing,73.25,25,2347.78,58,No,Winter,72
1127,2025-12-11,56,Male,Regular,T-Shirt,Clothing,54.02,20,1700.26,84,No,Winter,52
1128,2025-01-01,52,Female,Regular,Book,Books,23.16,25,987.43,330,No,Winter,78
1129,2025-07-06,24,Female,New,Book,Books,8.14,5,1734.37,336,Yes,Summer,74
1130,2025-11-13,44,Male,Regular,Snack,Food,1.74,5,815.1,367,No,Autumn,83
1131,2025-11-14,52,Female,New,Snack,Food,7.89,20,339.85,267,No,Autumn,52
1132,2025-04-07,64,Male,Regular,Laptop,Electronics,1289.19,30,2046.43,489,No,Spring,94
1133,2025-07-28,23,Female,New,Backpack,Accessories,37.14,25,431.92,441,No,Summer,92
1134,2025-07-22,51,Female,New,Phone,Electronics,471.82,25,907.61,484,No,Summer,80
1135,2025-04-20,35,Male,Loyal,Backpack,Accessories,118.32,20,587.65,375,Yes,Spring,89
1136,2025-08-05,54,Male,Regular,Phone,Electronics,446.15,5,1417.18,433,No,Summer,82
1137,2025-06-01,61,Male,New,Headphones,Electronics,182.92,10,1379.98,31,Yes,Summer,39
1138,2025-06-04,53,Male,Loyal,Snack,Food,5.24,30,1696.3,142,No,Summer,79
1139,2025-02-22,22,Female,Regular,Backpack,Accessories,64.57,0,1187.68,405,Yes,Winter,76
1140,2025-11-12,42,Female,New,Shoes,Clothing,118.29,20,1837.41,455,No,Autumn,104
1141,2025-03-17,21,Male,New,Book,Books,34.53,15,2347.84,493,No,Spring,101
1142,2025-08-31,50,Male,Regular,Phone,Electronics,965.52,5,988.7,312,Yes,Summer,62
1143,2025-09-19,63,Male,New,Laptop,Electronics,1512.48,10,560.75,374,No,Autumn,44
1144,2025-06-25,48,Female,New,Book,Books,19.91,20,1665.3,478,No,Summer,105
1145,2025-03-11,25,Female,New,Phone,Electronics,833.86,20,1597.42,302,No,Spring,60
1146,2025-05-01,33,Male,Loyal,Phone,Electronics,859.26,0,1152.64,345,No,Spring,55
1147,2025-10-26,56,Female,New,Coffee,Food,9.7,0,230.58,75,Yes,Autumn,24
1148,2025-03-01,36,Male,New,Headphones,Electronics,72.49,5,1341.69,242,Yes,Spring,63
1149,2025-03-05,51,Female,Regular,Coffee,Food,14.55,0,367.03,250,No,Spring,45
1150,2025-08-04,58,Male,New,Backpack,Accessories,60.65,10,1598.14,465,No,Summer,97
1151,2025-03-13,19,Male,New,T-Shirt,Clothing,31.53,5,1925.47,275,No,Spring,54
1152,2025-12-15,35,Female,New,Snack,Food,3.05,25,663.6,157,No,Winter,41
1153,2025-12-16,49,Male,New,Shoes,Clothing,170.16,15,2132.11,202,No,Winter,72
1154,2025-11-25,21,Female,Regular,Shoes,Clothing,86.91,10,1636.44,370,No,Autumn,78
1155,2025-04-13,52,Female,Regular,Book,Books,13.93,20,999.8,205,Yes,Spring,63
1156,2025-03-12,50,Female,Loyal,Laptop,Electronics,838.82,15,1158.91,326,No,Spring,65
1157,2025-03-13,43,Male,Regular,Laptop,Electronics,1444.36,0,1810.91,463,No,Spring,65
1158,2025-04-03,25,Male,Regular,Phone,Electronics,641.68,30,1898.53,35,No,Spring,43
1159,2025-09-28,53,Female,New,Shoes,Clothing,139.36,25,1019.22,297,Yes,Autumn,65
1160,2025-12-03,27,Male,New,T-Shirt,Clothing,59.07,10,2033.32,150,No,Winter,52
1161,2025-12-28,42,Male,Regular,T-Shirt,Clothing,55.32,25,178.54,372,Yes,Winter,61
1162,2025-01-09,21,Male,New,Shoes,Clothing,139.16,10,2419.83,63,No,Winter,42
1163,2025-07-18,35,Male,New,Phone,Electronics,437.27,30,188.16,392,No,Summer,83
1164,2025-06-07,47,Female,Regular,Book,Books,44.2,5,725.6,422,Yes,Summer,83
1165,2025-05-30,37,Male,Regular,Watch,Accessories,180.95,0,960.61,265,No,Spring,54
1166,2025-07-02,58,Male,Regular,Coffee,Food,14.98,25,933.86,259,No,Summer,90
1167,2025-07-24,58,Female,Loyal,Laptop,Electronics,1019.92,10,1032.7,205,No,Summer,45
1168,2025-02-21,65,Male,New,Coffee,Food,3.75,30,122.91,254,No,Winter,61
1169,2025-12-28,59,Female,New,Coffee,Food,15.81,5,2473.07,103,Yes,Winter,65
1170,2025-03-22,19,Female,New,Shoes,Clothing,153.09,0,1987.62,278,Yes,Spring,71
1171,2025-07-14,64,Female,New,Shoes,Clothing,130.17,20,2162.95,306,No,Summer,85
1172,2025-06-21,26,Female,Regular,Book,Books,44.3,15,2439.73,305,Yes,Summer,104
1173,2025-02-26,46,Male,Regular,Snack,Food,6.15,0,912.38,80,No,Winter,29
1174,2025-10-23,41,Male,Regular,Coffee,Food,5.28,30,1228.78,260,No,Autumn,84
1175,2025-08-16,29,Male,New,T-Shirt,Clothing,50.53,20,2400.22,317,Yes,Summer,89
1176,2025-01-22,39,Male,Regular,Headphones,Electronics,47.88,20,233.19,70,No,Winter,28
1177,2025-03-11,43,Male,Regular,Shoes,Clothing,99.05,20,2207.65,31,No,Spring,60
1178,2025-01-09,58,Male,Regular,Backpack,Accessories,72.05,25,1999.3,25,No,Winter,42
1179,2025-12-02,61,Female,Regular,Coffee,Food,13.81,25,2462.59,239,No,Winter,95
1180,2025-04-17,56,Female,New,Snack,Food,7.78,10,593.09,204,No,Spring,49
1181,2025-01-06,24,Female,New,Coffee,Food,11.24,25,2009.59,497,No,Winter,98
1182,2025-10-18,41,Female,Loyal,Watch,Accessories,281.16,20,977.85,299,Yes,Autumn,66
1183,2025-08-05,45,Male,New,Laptop,Electronics,715.34,30,2121.92,92,No,Summer,48
1184,2025-07-24,35,Male,New,Headphones,Electronics,193.62,25,141.23,90,No,Summer,32
1185,2025-11-28,31,Male,New,Shoes,Clothing,175.12,15,717.19,173,No,Autumn,49
1186,2025-12-09,25,Female,New,T-Shirt,Clothing,54.1,20,2485.27,377,No,Winter,89
1187,2025-01-23,64,Male,Regular,Watch,Accessories,325.12,10,2249.92,494,No,Winter,94
1188,2025-05-28,43,Female,Regular,Phone,Electronics,1187.34,25,2206.55,349,No,Spring,70
1189,2025-01-17,54,Female,Loyal,Phone,Electronics,1130.65,20,934.01,345,No,Winter,62
1190,2025-06-24,39,Male,Loyal,Headphones,Electronics,217.84,5,1598.61,35,No,Summer,45
1191,2025-08-03,27,Male,New,Headphones,Electronics,176.4,10,444.14,279,Yes,Summer,56
1192,2025-12-31,32,Female,Regular,Coffee,Food,15.48,25,1001.02,450,No,Winter,92
1193,2025-01-15,20,Male,New,Shoes,Clothing,160.44,25,1471.67,195,No,Winter,67
1194,2025-11-07,32,Female,Regular,Coffee,Food,6.78,15,1526.45,450,No,Autumn,94
1195,2025-05-12,39,Female,Regular,Phone,Electronics,705.83,0,597.11,74,No,Spring,18
1196,2025-12-06,37,Male,New,Watch,Accessories,63.2,15,1394.43,441,Yes,Winter,82
1197,2025-06-11,49,Female,New,Laptop,Electronics,1123.52,15,794.48,478,No,Summer,63
1198,2025-12-30,27,Female,New,Backpack,Accessories,118.52,20,1221.7,42,No,Winter,36
1199,2025-01-18,33,Male,Regular,Backpack,Accessories,35.96,25,1660.51,241,Yes,Winter,76
1200,2025-11-27,29,Female,New,Coffee,Food,13.79,25,357.26,302,No,Autumn,65
1201,2025-03-30,23,Female,New,Laptop,Electronics,1702.13,20,2319.76,436,Yes,Spring,83
1202,2025-09-07,57,Female,Regular,Laptop,Electronics,1101.56,5,861.85,447,Yes,Autumn,73
1203,2025-11-07,37,Female,New,T-Shirt,Clothing,77.55,0,1962.75,333,No,Autumn,61
1204,2025-08-11,64,Female,Loyal,T-Shirt,Clothing,17.83,15,1075.13,47,No,Summer,48
1205,2025-02-07,29,Male,Loyal,Shoes,Clothing,67.73,25,1469.6,425,No,Winter,107
1206,2025-01-07,30,Male,Regular,Headphones,Electronics,182.14,15,1007.08,140,No,Winter,58
1207,2025-05-13,57,Male,Regular,T-Shirt,Clothing,47.71,20,409.24,76,No,Spring,50
1208,2025-03-18,54,Male,Regular,Snack,Food,7.12,0,1654.68,129,No,Spring,37
1209,2025-06-08,24,Male,Loyal,Watch,Accessories,187.84,25,564.57,54,Yes,Summer,54
1210,2025-11-24,34,Female,New,Backpack,Accessories,42.2,30,322.58,85,No,Autumn,30
1211,2025-04-12,34,Male,New,Headphones,Electronics,204.74,20,2130.85,276,Yes,Spring,71
1212,2025-07-27,31,Female,Regular,Phone,Electronics,310.61,25,1207.35,54,Yes,Summer,47
1213,2025-12-31,39,Female,Regular,Snack,Food,1.51,25,2115.22,415,No,Winter,107
1214,2025-03-23,37,Female,Regular,Headphones,Electronics,220.33,10,2147.14,206,Yes,Spring,58
1215,2025-04-14,49,Male,Regular,T-Shirt,Clothing,56.32,5,352.2,424,No,Spring,65
1216,2025-06-17,60,Female,Regular,Laptop,Electronics,1772.14,5,2376.63,233,No,Summer,46
1217,2025-02-27,45,Male,Regular,Headphones,Electronics,84.76,5,1507.85,172,No,Winter,53
1218,2025-01-28,24,Male,Regular,Shoes,Clothing,106.63,20,2420.05,478,No,Winter,108
1219,2025-01-12,49,Female,New,Headphones,Electronics,229.21,5,2105.44,326,Yes,Winter,61
1220,2025-11-05,39,Male,New,Coffee,Food,9.02,5,2108.31,204,No,Autumn,70
1221,2025-11-03,44,Male,Regular,Book,Books,36.36,0,1918.48,95,No,Autumn,37
1222,2025-10-22,19,Male,New,Shoes,Clothing,38.6,25,928.92,386,No,Autumn,81
1223,2025-03-05,49,Female,New,Headphones,Electronics,39.67,0,665.41,223,No,Spring,42
1224,2025-05-23,46,Male,Regular,Headphones,Electronics,235.88,10,424.16,324,No,Spring,69
1225,2025-12-11,22,Male,Regular,Shoes,Clothing,80.84,0,2338.41,72,No,Winter,51
1226,2025-12-30,21,Male,Regular,T-Shirt,Clothing,54.07,5,639.5,179,No,Winter,31
1227,2025-07-22,32,Male,Loyal,Snack,Food,7.74,30,533.4,30,No,Summer,51
1228,2025-09-14,19,Male,New,Snack,Food,3.04,10,297.55,181,Yes,Autumn,42
1229,2025-03-21,42,Male,Regular,Phone,Electronics,494.51,10,193.24,380,No,Spring,60
1230,2025-07-06,22,Male,New,Snack,Food,1.83,25,395.66,216,Yes,Summer,68
1231,2025-01-02,42,Female,Regular,Phone,Electronics,356.66,15,864.22,234,No,Winter,44
1232,2025-04-25,31,Male,Loyal,Snack,Food,4.54,5,1342.95,25,No,Spring,60
1233,2025-02-17,52,Female,Regular,Shoes,Clothing,111.26,20,445.47,218,No,Winter,53
1234,2025-12-13,23,Female,New,Coffee,Food,17.61,20,1547.87,438,Yes,Winter,93
1235,2025-10-26,46,Male,New,Phone,Electronics,930.09,15,689.28,252,Yes,Autumn,44
1236,2025-10-28,43,Male,Regular,T-Shirt,Clothing,19.75,10,830.99,268,No,Autumn,71
1237,2025-07-13,48,Male,New,Shoes,Clothing,151.51,30,565.86,268,Yes,Summer,86
1238,2025-08-01,18,Male,Loyal,Snack,Food,7.23,0,388.97,236,No,Summer,51
1239,2025-04-27,51,Male,New,Watch,Accessories,222.97,15,1823.37,66,Yes,Spring,36
1240,2025-04-05,26,Male,Regular,Coffee,Food,9.0,30,2336.94,479,Yes,Spring,134
1241,2025-03-17,32,Female,Regular,Headphones,Electronics,214.87,30,1163.15,32,No,Spring,52
1242,2025-07-25,18,Female,Regular,Snack,Food,5.84,10,1914.33,362,No,Summer,101
1243,2025-05-15,33,Male,Regular,Backpack,Accessories,63.46,0,2103.79,248,No,Spring,54
1244,2025-04-05,53,Male,Regular,Snack,Food,2.01,0,1485.41,203,Yes,Spring,66
1245,2025-02-12,31,Male,New,T-Shirt,Clothing,72.74,30,241.1,400,No,Winter,69
1246,2025-09-01,18,Male,New,Phone,Electronics,655.03,0,1525.51,286,No,Autumn,43
1247,2025-03-01,42,Male,New,Laptop,Electronics,1101.17,10,2290.77,414,Yes,Spring,77
1248,2025-01-28,32,Female,New,Watch,Accessories,147.25,15,285.89,278,No,Winter,51
1249,2025-12-02,43,Female,Regular,T-Shirt,Clothing,30.16,20,597.66,94,No,Winter,42
1250,2025-11-22,62,Male,New,Headphones,Electronics,292.11,15,613.36,232,Yes,Autumn,41
1251,2025-05-12,34,Male,New,Backpack,Accessories,49.89,25,1470.81,36,No,Spring,39
1252,2025-05-03,58,Male,Loyal,Snack,Food,4.6,15,1736.17,187,Yes,Spring,76
1253,2025-06-14,46,Female,Regular,T-Shirt,Clothing,23.07,15,297.89,486,Yes,Summer,75
1254,2025-01-10,37,Female,Loyal,Laptop,Electronics,1284.68,5,2270.77,338,No,Winter,74
1255,2025-06-19,27,Female,Regular,Laptop,Electronics,967.41,15,1836.9,353,No,Summer,67
1256,2025-09-12,27,Male,Regular,Shoes,Clothing,142.32,30,369.46,444,No,Autumn,86
1257,2025-02-07,47,Male,New,Backpack,Accessories,42.8,10,1291.58,382,No,Winter,69
1258,2025-05-25,65,Male,Regular,Shoes,Clothing,35.02,15,366.05,356,Yes,Spring,70
1259,2025-10-27,23,Male,New,Snack,Food,1.25,5,1642.06,472,No,Autumn,84
1260,2025-08-12,31,Female,New,T-Shirt,Clothing,35.01,10,821.62,257,No,Summer,61
1261,2025-07-11,62,Female,Loyal,Headphones,Electronics,232.96,5,1828.52,284,No,Summer,80
1262,2025-11-30,26,Male,Regular,Backpack,Accessories,54.17,30,2450.32,217,Yes,Autumn,89
1263,2025-08-01,48,Male,Regular,T-Shirt,Clothing,26.49,30,796.62,278,No,Summer,74
1264,2025-09-20,30,Male,Regular,Laptop,Electronics,1466.82,5,2293.28,489,Yes,Autumn,84
1265,2025-09-03,20,Female,New,Book,Books,15.28,0,1555.34,95,No,Autumn,28
1266,2025-06-08,18,Female,New,Shoes,Clothing,67.43,20,1418.44,192,Yes,Summer,55
1267,2025-10-27,26,Male,New,Snack,Food,4.99,15,2182.78,155,No,Autumn,63
1268,2025-01-28,36,Male,New,Snack,Food,3.08,0,481.58,228,No,Winter,35
1269,2025-02-27,21,Male,Regular,Headphones,Electronics,147.46,25,390.56,408,No,Winter,79
1270,2025-12-03,38,Male,Loyal,Backpack,Accessories,64.73,10,2129.06,65,No,Winter,54
1271,2025-11-22,52,Female,Regular,Watch,Accessories,253.44,20,2107.93,40,Yes,Autumn,51
1272,2025-10-02,25,Female,Regular,Backpack,Accessories,91.57,0,985.88,120,No,Autumn,45
1273,2025-07-21,27,Female,Regular,Phone,Electronics,853.58,10,2186.51,74,No,Summer,52
1274,2025-01-04,59,Female,Loyal,Backpack,Accessories,31.61,5,1894.0,398,Yes,Winter,91
1275,2025-01-08,51,Male,Regular,Coffee,Food,16.05,0,275.05,156,No,Winter,37
1276,2025-04-25,28,Male,Regular,Laptop,Electronics,1422.43,10,675.04,40,No,Spring,23
1277,2025-08-02,33,Male,Loyal,Book,Books,20.85,15,643.03,200,Yes,Summer,56
1278,2025-08-19,54,Female,Loyal,Watch,Accessories,129.99,15,1033.7,328,No,Summer,68
1279,2025-03-20,27,Female,Regular,Coffee,Food,16.55,30,1039.59,345,No,Spring,95
1280,2025-06-04,20,Male,New,Laptop,Electronics,1566.38,25,647.58,319,No,Summer,61
1281,2025-02-10,63,Female,New,Watch,Accessories,53.47,25,695.63,210,No,Winter,37
1282,2025-07-03,61,Male,Regular,Watch,Accessories,95.46,25,1973.76,393,No,Summer,99
1283,2025-01-17,57,Male,Regular,Phone,Electronics,896.19,10,2291.74,359,No,Winter,65
1284,2025-04-13,25,Male,Regular,Book,Books,41.43,0,810.84,450,Yes,Spring,93
1285,2025-12-16,34,Male,New,Coffee,Food,13.09,30,1085.04,295,No,Winter,65
1286,2025-05-21,63,Male,Regular,Laptop,Electronics,1601.38,15,2056.04,34,No,Spring,12
1287,2025-02-10,18,Female,Regular,Phone,Electronics,824.42,15,643.96,230,No,Winter,46
1288,2025-03-09,25,Female,New,Phone,Electronics,713.82,15,635.91,145,Yes,Spring,32
1289,2025-03-05,44,Female,New,Headphones,Electronics,231.05,0,287.86,475,No,Spring,60
1290,2025-03-10,19,Female,Regular,Backpack,Accessories,115.99,0,1471.4,416,No,Spring,77
1291,2025-01-09,28,Male,Regular,T-Shirt,Clothing,71.37,5,1417.15,286,No,Winter,70
1292,2025-09-26,18,Male,Regular,Phone,Electronics,1127.5,25,2161.72,290,No,Autumn,72
1293,2025-05-19,29,Male,New,Phone,Electronics,610.27,20,1008.17,372,No,Spring,59
1294,2025-04-03,54,Male,New,Coffee,Food,13.46,25,138.57,402,No,Spring,77
1295,2025-01-31,59,Male,New,Laptop,Electronics,1016.52,20,1349.42,156,No,Winter,36
1296,2025-07-28,20,Male,Regular,Coffee,Food,3.57,5,1635.83,342,No,Summer,80
1297,2025-12-18,36,Female,Loyal,Coffee,Food,6.21,10,1419.67,364,No,Winter,93
1298,2025-07-25,58,Female,New,T-Shirt,Clothing,32.5,25,1525.08,349,No,Summer,84
1299,2025-04-24,45,Female,Regular,Watch,Accessories,144.98,20,566.16,225,No,Spring,57
1300,2025-03-30,33,Female,Regular,Coffee,Food,8.63,5,1362.17,297,Yes,Spring,83
1301,2025-07-01,44,Male,New,Phone,Electronics,352.44,25,2019.51,398,No,Summer,89
1302,2025-03-11,30,Male,New,Watch,Accessories,88.4,0,2065.25,495,No,Spring,74
1303,2025-08-20,65,Female,New,Snack,Food,1.18,10,1291.99,262,No,Summer,67
1304,2025-10-04,45,Female,New,Book,Books,33.51,15,1379.11,130,Yes,Autumn,43
1305,2025-04-30,28,Female,Regular,Book,Books,8.2,10,1635.23,150,No,Spring,60
1306,2025-09-24,38,Female,Regular,Backpack,Accessories,30.8,20,730.15,124,No,Autumn,46
1307,2025-04-02,64,Female,Regular,Headphones,Electronics,98.78,10,910.29,208,No,Spring,59
1308,2025-09-01,52,Male,Regular,Coffee,Food,11.06,0,1804.81,115,No,Autumn,67
1309,2025-09-13,50,Female,Loyal,Book,Books,11.36,10,1937.69,324,Yes,Autumn,91
1310,2025-05-18,30,Male,Regular,Watch,Accessories,249.89,15,1602.67,205,Yes,Spring,52
1311,2025-05-10,38,Female,Regular,Phone,Electronics,1148.62,25,78.29,456,Yes,Spring,62
1312,2025-07-21,37,Female,Regular,T-Shirt,Clothing,43.7,10,1457.74,498,No,Summer,98
1313,2025-08-15,47,Female,New,Coffee,Food,3.76,5,1343.06,413,No,Summer,74
1314,2025-11-27,24,Female,Regular,Coffee,Food,7.28,10,660.75,372,No,Autumn,75
1315,2025-06-07,43,Female,New,Laptop,Electronics,1479.45,20,994.3,268,Yes,Summer,42
1316,2025-04-23,63,Female,New,Book,Books,42.34,5,1648.04,133,No,Spring,39
1317,2025-09-27,26,Male,Regular,T-Shirt,Clothing,48.73,20,1072.98,93,Yes,Autumn,45
1318,2025-07-15,30,Male,Regular,Phone,Electronics,599.57,30,495.29,474,No,Summer,76
1319,2025-02-18,61,Male,Loyal,Headphones,Electronics,240.58,20,191.16,181,No,Winter,47
1320,2025-08-17,54,Female,New,Backpack,Accessories,62.95,20,1150.52,174,Yes,Summer,57
1321,2025-06-25,23,Male,New,Phone,Electronics,1031.84,30,1743.06,406,No,Summer,92
1322,2025-12-07,65,Female,Regular,Backpack,Accessories,58.21,0,1750.91,176,Yes,Winter,58
1323,2025-11-26,20,Female,Regular,Coffee,Food,8.44,15,1908.84,122,No,Autumn,50
1324,2025-12-11,39,Male,New,Book,Books,18.83,25,1912.39,36,No,Winter,49
1325,2025-03-19,34,Male,Regular,Phone,Electronics,957.83,0,1146.24,238,No,Spring,44
1326,2025-10-28,34,Female,New,Backpack,Accessories,110.53,15,487.24,125,No,Autumn,30
1327,2025-07-08,40,Male,Loyal,Laptop,Electronics,755.7,5,2199.76,317,No,Summer,64
1328,2025-09-10,64,Female,Loyal,Book,Books,21.37,10,1560.07,365,No,Autumn,95
1329,2025-08-30,28,Female,Loyal,Book,Books,35.13,20,81.56,135,Yes,Summer,58
1330,2025-05-08,39,Male,Regular,Watch,Accessories,180.38,15,1980.35,353,No,Spring,87
1331,2025-09-13,18,Male,New,Headphones,Electronics,241.44,0,1241.57,351,Yes,Autumn,61
1332,2025-08-29,52,Female,New,Phone,Electronics,1091.57,30,1932.45,211,No,Summer,67
1333,2025-07-02,58,Male,Regular,Laptop,Electronics,914.52,0,1366.35,297,No,Summer,62
1334,2025-12-18,30,Female,New,Shoes,Clothing,64.94,20,2176.67,79,No,Winter,61
1335,2025-11-13,27,Female,New,Phone,Electronics,950.75,5,198.17,172,No,Autumn,21
1336,2025-10-12,48,Male,Regular,Laptop,Electronics,983.84,10,166.59,433,Yes,Autumn,57
1337,2025-12-29,28,Female,Regular,Backpack,Accessories,111.8,20,1011.82,314,No,Winter,63
1338,2025-09-04,48,Female,New,Snack,Food,4.33,15,1233.74,442,No,Autumn,98
1339,2025-06-21,25,Female,Regular,Headphones,Electronics,137.46,15,1088.97,245,Yes,Summer,63
1340,2025-12-19,44,Female,Regular,Headphones,Electronics,35.49,25,835.76,56,No,Winter,34
1341,2025-07-31,27,Male,Loyal,Headphones,Electronics,298.15,15,561.43,83,No,Summer,52
1342,2025-03-30,32,Female,Regular,Shoes,Clothing,111.02,10,1105.9,320,Yes,Spring,75
1343,2025-06-23,52,Female,Regular,Watch,Accessories,140.34,0,2384.89,138,No,Summer,66
1344,2025-01-04,45,Male,Regular,Laptop,Electronics,1166.75,5,1963.2,287,Yes,Winter,50
1345,2025-07-07,33,Female,Loyal,Book,Books,20.06,5,238.78,336,No,Summer,71
1346,2025-07-19,57,Female,Regular,T-Shirt,Clothing,27.73,15,1087.73,317,Yes,Summer,78
1347,2025-03-24,29,Male,New,Shoes,Clothing,108.47,30,2424.22,126,No,Spring,68
1348,2025-04-20,43,Female,New,Backpack,Accessories,64.75,30,987.45,308,Yes,Spring,87
1349,2025-04-07,60,Male,Regular,Laptop,Electronics,1785.19,15,454.65,345,No,Spring,53
1350,2025-10-24,61,Male,Loyal,Snack,Food,3.52,30,1973.35,442,No,Autumn,105
1351,2025-07-22,52,Male,New,Backpack,Accessories,90.68,30,1917.6,448,No,Summer,104
1352,2025-04-04,62,Male,Regular,Laptop,Electronics,764.79,10,263.6,150,No,Spring,14
1353,2025-09-21,18,Male,Loyal,Coffee,Food,14.09,15,626.56,155,Yes,Autumn,57
1354,2025-03-17,64,Female,New,Book,Books,8.55,0,2324.01,397,No,Spring,82
1355,2025-05-06,22,Female,New,Book,Books,31.16,0,754.4,310,No,Spring,39
1356,2025-09-15,41,Female,Regular,Coffee,Food,3.71,20,2029.87,45,No,Autumn,71
1357,2025-04-29,54,Male,Regular,Snack,Food,7.12,25,1354.54,432,No,Spring,102
1358,2025-08-03,26,Female,Regular,Watch,Accessories,277.98,20,1300.22,179,Yes,Summer,75
1359,2025-07-24,40,Female,Regular,Shoes,Clothing,36.26,5,1057.82,462,No,Summer,89
1360,2025-07-11,38,Male,New,Shoes,Clothing,131.95,15,491.64,67,No,Summer,46
1361,2025-01-09,59,Female,New,T-Shirt,Clothing,60.47,10,2384.13,194,No,Winter,74
1362,2025-11-22,64,Female,New,Phone,Electronics,1020.02,20,2268.43,442,Yes,Autumn,99
1363,2025-06-14,52,Female,New,Book,Books,25.9,25,992.81,257,Yes,Summer,70
1364,2025-10-08,27,Male,New,Phone,Electronics,996.39,25,266.2,460,No,Autumn,66
1365,2025-12-11,42,Female,New,Laptop,Electronics,1674.31,20,809.07,47,No,Winter,6
1366,2025-02-15,59,Male,New,Laptop,Electronics,1351.92,15,1610.93,378,Yes,Winter,57
1367,2025-11-12,62,Male,Regular,T-Shirt,Clothing,44.53,30,2428.95,131,No,Autumn,94
1368,2025-01-05,21,Male,Regular,Watch,Accessories,71.29,15,2294.08,296,Yes,Winter,76
1369,2025-04-17,28,Male,Regular,Headphones,Electronics,70.21,25,1652.85,41,No,Spring,52
1370,2025-09-17,32,Female,New,Headphones,Electronics,260.24,15,1448.26,132,No,Autumn,44
1371,2025-12-19,18,Female,Regular,T-Shirt,Clothing,68.66,25,1379.54,272,No,Winter,69
1372,2025-11-12,35,Male,New,Coffee,Food,7.32,30,1810.18,405,No,Autumn,105
1373,2025-05-31,49,Female,New,Shoes,Clothing,38.78,10,166.94,371,Yes,Spring,67
1374,2025-07-24,30,Female,New,Book,Books,27.85,5,206.75,128,No,Summer,31
1375,2025-04-23,63,Female,New,Laptop,Electronics,1052.72,10,2218.87,110,No,Spring,39
1376,2025-10-17,37,Male,Regular,Watch,Accessories,55.27,10,517.7,224,No,Autumn,55
1377,2025-05-20,37,Male,New,T-Shirt,Clothing,55.7,30,1732.11,71,No,Spring,50
1378,2025-07-16,39,Male,Regular,Headphones,Electronics,180.18,10,893.23,91,No,Summer,39
1379,2025-02-16,61,Female,Regular,Shoes,Clothing,133.99,15,1508.81,258,Yes,Winter,68
1380,2025-02-23,32,Female,New,Book,Books,28.67,5,306.23,330,Yes,Winter,53
1381,2025-03-12,32,Male,Regular,Phone,Electronics,738.44,0,1888.6,457,No,Spring,85
1382,2025-10-28,58,Female,New,Book,Books,9.15,0,242.61,80,No,Autumn,17
1383,2025-02-17,41,Female,Loyal,Watch,Accessories,132.53,20,1680.22,90,No,Winter,52
1384,2025-09-22,28,Male,Regular,Laptop,Electronics,747.95,0,1599.89,83,No,Autumn,26
1385,2025-08-18,65,Male,New,Headphones,Electronics,75.72,10,1070.05,413,No,Summer,82
1386,2025-04-01,63,Female,Regular,Laptop,Electronics,918.85,10,633.69,437,No,Spring,63
1387,2025-10-06,58,Female,Regular,Laptop,Electronics,880.14,20,1915.84,227,No,Autumn,58
1388,2025-03-04,35,Female,Regular,Laptop,Electronics,1303.42,0,2251.0,303,No,Spring,59
1389,2025-04-27,18,Male,New,Snack,Food,5.11,5,1121.22,286,Yes,Spring,71
1390,2025-09-14,62,Male,Regular,Snack,Food,6.16,10,306.49,471,Yes,Autumn,82
1391,2025-08-16,22,Female,New,Laptop,Electronics,1528.38,5,430.69,252,Yes,Summer,27
1392,2025-06-04,55,Male,Loyal,T-Shirt,Clothing,17.34,0,746.0,240,No,Summer,62
1393,2025-04-14,45,Male,Regular,Phone,Electronics,470.0,20,2453.99,177,No,Spring,72
1394,2025-07-21,40,Female,New,Shoes,Clothing,177.01,25,1601.53,344,No,Summer,84
1395,2025-06-23,63,Male,Loyal,Phone,Electronics,1029.6,10,703.86,435,No,Summer,85
1396,2025-09-24,42,Male,Regular,Shoes,Clothing,71.29,20,1586.23,25,No,Autumn,31
1397,2025-02-02,65,Female,Regular,Snack,Food,4.73,30,1950.84,288,Yes,Winter,97
1398,2025-01-15,24,Male,New,Laptop,Electronics,1712.82,30,2122.22,47,No,Winter,43
1399,2025-04-08,19,Female,Loyal,Laptop,Electronics,1632.22,5,2224.24,478,No,Spring,88
1400,2025-04-18,36,Female,Regular,T-Shirt,Clothing,60.8,25,1306.57,117,No,Spring,56
1401,2025-03-11,45,Female,New,Shoes,Clothing,110.47,15,2351.08,471,No,Spring,101
1402,2025-05-07,20,Male,Regular,Shoes,Clothing,151.39,10,855.27,361,No,Spring,68
1403,2025-10-12,37,Female,New,Coffee,Food,14.41,5,2138.37,466,Yes,Autumn,110
1404,2025-03-15,50,Male,New,Headphones,Electronics,235.04,25,2307.35,442,Yes,Spring,102
1405,2025-06-13,37,Female,Regular,Watch,Accessories,154.8,30,1136.86,484,No,Summer,105
1406,2025-07-30,44,Female,Regular,Headphones,Electronics,189.39,0,258.96,37,No,Summer,16
1407,2025-06-04,53,Male,Regular,T-Shirt,Clothing,66.69,20,277.39,320,No,Summer,78
1408,2025-11-05,34,Female,Regular,Shoes,Clothing,60.77,15,2460.36,209,No,Autumn,66
1409,2025-03-11,43,Female,New,Backpack,Accessories,102.61,15,1942.08,93,No,Spring,48
1410,2025-02-28,45,Male,New,Coffee,Food,4.83,15,765.79,209,No,Winter,55
1411,2025-03-10,56,Male,Loyal,Snack,Food,3.49,20,303.3,25,No,Spring,42
1412,2025-02-26,61,Male,Regular,Coffee,Food,16.9,5,2341.67,129,No,Winter,67
1413,2025-07-27,27,Female,Regular,Headphones,Electronics,247.19,10,713.51,235,Yes,Summer,46
1414,2025-11-22,29,Female,New,Shoes,Clothing,85.33,30,1168.93,250,Yes,Autumn,68
1415,2025-09-11,44,Female,New,Headphones,Electronics,281.22,25,299.8,407,No,Autumn,80
1416,2025-04-06,42,Female,New,Snack,Food,2.77,25,908.47,140,Yes,Spring,57
1417,2025-09-26,40,Female,Regular,Book,Books,8.66,30,1316.1,199,No,Autumn,79
1418,2025-05-23,31,Female,Regular,Snack,Food,5.52,25,2051.23,50,No,Spring,76
1419,2025-12-12,21,Male,Regular,T-Shirt,Clothing,59.09,5,211.16,381,No,Winter,53
1420,2025-02-26,38,Male,Regular,Headphones,Electronics,59.37,15,869.89,367,No,Winter,76
1421,2025-05-20,36,Male,Regular,Phone,Electronics,409.9,30,1237.01,306,No,Spring,89
1422,2025-10-14,35,Female,Regular,Coffee,Food,8.72,5,1482.14,418,No,Autumn,98
1423,2025-07-09,28,Male,New,Backpack,Accessories,58.41,25,2472.1,162,No,Summer,64
1424,2025-04-09,30,Male,New,Snack,Food,4.78,30,350.92,163,No,Spring,67
1425,2025-12-18,24,Male,Regular,Backpack,Accessories,54.22,20,1215.77,427,No,Winter,89
1426,2025-03-23,19,Female,Regular,Laptop,Electronics,1222.47,15,1398.81,476,Yes,Spring,97
1427,2025-02-26,23,Male,New,Coffee,Food,15.02,25,2167.41,190,No,Winter,71
1428,2025-11-21,46,Male,New,Backpack,Accessories,24.06,25,2445.26,491,No,Autumn,114
1429,2025-02-23,31,Female,Regular,T-Shirt,Clothing,78.95,30,999.22,453,Yes,Winter,107
1430,2025-08-15,36,Male,Loyal,Shoes,Clothing,54.98,30,1104.94,207,No,Summer,71
1431,2025-09-24,42,Female,Regular,Phone,Electronics,334.3,20,1111.69,104,No,Autumn,60
1432,2025-10-13,28,Female,Regular,Shoes,Clothing,107.41,30,2186.57,307,No,Autumn,93
1433,2025-07-03,25,Male,Regular,Shoes,Clothing,100.89,15,278.68,192,No,Summer,43
1434,2025-09-14,28,Male,New,Book,Books,26.29,20,1851.74,21,Yes,Autumn,30
1435,2025-11-02,31,Female,Regular,Laptop,Electronics,1588.33,25,277.68,354,Yes,Autumn,53
1436,2025-01-25,54,Male,New,Backpack,Accessories,55.12,20,1707.89,116,Yes,Winter,41
1437,2025-04-24,20,Female,Loyal,Coffee,Food,7.62,5,1120.82,281,No,Spring,86
1438,2025-01-22,53,Female,Loyal,Snack,Food,6.95,5,2287.03,447,No,Winter,110
1439,2025-10-08,18,Male,New,Phone,Electronics,658.9,0,999.07,102,No,Autumn,16
1440,2025-02-03,60,Female,New,Shoes,Clothing,75.38,25,293.07,232,No,Winter,49
1441,2025-10-14,58,Female,Loyal,Phone,Electronics,513.36,30,968.74,266,No,Autumn,70
1442,2025-08-10,61,Female,New,Backpack,Accessories,96.55,15,2035.52,450,Yes,Summer,125
1443,2025-02-15,26,Male,New,Backpack,Accessories,106.58,25,712.04,176,Yes,Winter,48
1444,2025-05-09,37,Female,New,Backpack,Accessories,30.89,15,1098.61,367,No,Spring,70
1445,2025-02-23,60,Female,Loyal,Backpack,Accessories,82.64,25,755.63,277,Yes,Winter,78
1446,2025-09-12,57,Female,Regular,Backpack,Accessories,75.52,10,1459.84,300,No,Autumn,62
1447,2025-08-05,43,Female,Loyal,Laptop,Electronics,1282.07,0,643.21,430,No,Summer,61
1448,2025-09-17,64,Male,Loyal,T-Shirt,Clothing,18.6,10,1284.41,64,No,Autumn,38
1449,2025-10-07,20,Female,New,Coffee,Food,17.13,25,669.24,246,No,Autumn,52
1450,2025-01-01,64,Male,New,Watch,Accessories,184.75,0,1459.74,179,No,Winter,46
1451,2025-05-27,51,Female,Regular,Shoes,Clothing,63.37,25,1911.95,278,No,Spring,80
1452,2025-06-22,27,Male,Regular,Coffee,Food,8.51,10,611.81,275,Yes,Summer,70
1453,2025-10-27,32,Female,Regular,Laptop,Electronics,1236.64,30,908.03,127,No,Autumn,39
1454,2025-04-23,36,Male,Loyal,Watch,Accessories,196.42,5,1777.92,410,No,Spring,93
1455,2025-07-30,31,Male,New,Watch,Accessories,295.77,10,1960.83,285,No,Summer,53
1456,2025-02-15,31,Male,New,Phone,Electronics,608.99,15,120.05,218,Yes,Winter,44
1457,2025-05-29,40,Male,New,Backpack,Accessories,99.51,20,1749.31,208,No,Spring,58
1458,2025-08-06,42,Male,New,Shoes,Clothing,133.4,25,1808.04,336,No,Summer,90
1459,2025-12-06,40,Female,New,Coffee,Food,13.25,20,1218.03,132,Yes,Winter,78
1460,2025-04-29,52,Male,Regular,Shoes,Clothing,140.49,10,1428.88,325,No,Spring,59
1461,2025-12-19,18,Male,New,Coffee,Food,16.98,5,664.23,27,No,Winter,17
1462,2025-11-24,52,Male,Regular,Backpack,Accessories,102.58,15,1393.61,106,No,Autumn,49
1463,2025-07-21,57,Female,Regular,T-Shirt,Clothing,42.84,20,1411.86,418,No,Summer,87
1464,2025-05-18,27,Male,Loyal,Book,Books,34.68,30,1996.08,110,Yes,Spring,85
1465,2025-05-22,33,Female,Regular,Book,Books,20.81,30,1363.38,397,No,Spring,93
1466,2025-12-28,22,Female,Regular,Shoes,Clothing,178.03,5,2190.35,377,Yes,Winter,84
1467,2025-12-09,62,Female,Regular,T-Shirt,Clothing,22.85,10,257.53,336,No,Winter,65
1468,2025-06-26,19,Female,Regular,Phone,Electronics,1196.89,0,577.43,163,No,Summer,28
1469,2025-06-04,44,Male,Regular,Laptop,Electronics,1612.45,30,626.16,211,No,Summer,51
1470,2025-06-02,35,Female,Regular,Shoes,Clothing,78.35,25,2032.58,349,No,Summer,92
1471,2025-08-28,65,Female,New,Backpack,Accessories,55.74,15,2078.72,340,No,Summer,80
1472,2025-05-22,42,Male,Loyal,Book,Books,19.28,30,745.9,313,No,Spring,87
1473,2025-10-05,60,Female,Regular,Watch,Accessories,281.15,10,2252.73,345,Yes,Autumn,91
1474,2025-11-29,64,Male,Regular,Snack,Food,7.2,15,1928.59,476,Yes,Autumn,115
1475,2025-08-17,45,Male,Loyal,Laptop,Electronics,1392.24,15,1206.82,178,Yes,Summer,53
1476,2025-01-19,56,Female,Regular,Coffee,Food,10.09,10,450.46,109,Yes,Winter,47
1477,2025-12-17,44,Male,New,Shoes,Clothing,107.87,20,1018.22,250,No,Winter,51
1478,2025-01-22,63,Male,New,Watch,Accessories,304.9,0,519.37,139,No,Winter,16
1479,2025-07-02,25,Male,Loyal,Snack,Food,2.62,15,2418.49,258,No,Summer,92
1480,2025-12-13,56,Male,New,Shoes,Clothing,92.98,30,954.16,25,Yes,Winter,37
1481,2025-08-05,23,Male,Regular,Shoes,Clothing,84.75,20,1054.3,314,No,Summer,85
1482,2025-10-20,29,Male,New,Phone,Electronics,586.8,30,727.2,297,No,Autumn,59
1483,2025-01-10,58,Male,New,Laptop,Electronics,1335.56,30,2245.14,42,No,Winter,40
1484,2025-09-07,28,Female,Regular,Snack,Food,1.09,20,1432.08,195,Yes,Autumn,68
1485,2025-06-04,33,Male,Regular,Backpack,Accessories,39.46,30,1831.97,188,No,Summer,86
1486,2025-12-04,50,Male,New,Laptop,Electronics,910.31,15,1847.52,228,No,Winter,39
1487,2025-04-07,21,Female,Regular,Phone,Electronics,626.18,15,2183.71,343,No,Spring,69
1488,2025-08-29,59,Female,Regular,Book,Books,10.03,15,1434.65,424,No,Summer,77
1489,2025-02-10,25,Female,Regular,Headphones,Electronics,111.6,20,96.89,332,No,Winter,59
1490,2025-11-19,58,Female,New,Coffee,Food,6.76,25,769.6,56,No,Autumn,41
1491,2025-11-23,63,Female,New,Snack,Food,7.43,30,96.63,434,Yes,Autumn,97
1492,2025-10-15,48,Male,New,Snack,Food,7.46,20,56.31,419,No,Autumn,73
1493,2025-05-23,47,Male,Loyal,Backpack,Accessories,88.24,5,1821.42,432,No,Spring,96
1494,2025-07-20,22,Female,Regular,Watch,Accessories,173.59,10,2013.98,479,Yes,Summer,115
1495,2025-05-01,21,Female,Loyal,Watch,Accessories,296.32,0,1070.45,495,No,Spring,82
1496,2025-11-21,56,Female,Regular,Phone,Electronics,644.68,5,992.13,87,No,Autumn,17
1497,2025-08-31,48,Male,Loyal,T-Shirt,Clothing,61.42,30,586.53,375,Yes,Summer,99
1498,2025-12-27,31,Male,Regular,Shoes,Clothing,112.63,30,2418.41,97,Yes,Winter,79
1499,2025-08-28,43,Female,Regular,Snack,Food,7.59,5,778.53,337,No,Summer,70
1500,2025-02-16,24,Female,New,Snack,Food,2.3,5,1692.09,84,Yes,Winter,48
